pokedex_number,name,votes,types,generation,family,hp,attack,defense,sp_attack,sp_defense,speed,height_m,weight_kg,power
1,Bulbasaur,710.0,Grass Poison,1,Bulbasaur,45.0,49.0,49.0,65.0,65.0,45.0,0.7,6.9,318.0
2,Ivysaur,83.0,Grass Poison,1,Bulbasaur,60.0,62.0,63.0,80.0,80.0,60.0,1.0,13.0,405.0
3,Venusaur,127.0,Grass Poison,1,Bulbasaur,80.0,100.0,123.0,122.0,120.0,80.0,2.0,100.0,625.0
4,Charmander,374.0,Fire,1,Charmander,39.0,52.0,43.0,60.0,50.0,65.0,0.6,8.5,309.0
5,Charmeleon,70.0,Fire,1,Charmander,58.0,64.0,58.0,80.0,65.0,80.0,1.1,19.0,405.0
6,Charizard,1107.0,Fire Flying Dragon,1,Charmander,78.0,104.0,78.0,159.0,115.0,100.0,1.7,90.5,634.0
7,Squirtle,523.0,Water,1,Squirtle,44.0,48.0,65.0,50.0,64.0,43.0,0.5,9.0,314.0
8,Wartortle,133.0,Water,1,Squirtle,59.0,63.0,80.0,65.0,80.0,58.0,1.0,22.5,405.0
9,Blastoise,410.0,Water,1,Squirtle,79.0,103.0,120.0,135.0,115.0,78.0,1.6,85.5,630.0
10,Caterpie,28.0,Bug,1,Caterpie,45.0,30.0,35.0,20.0,20.0,45.0,0.3,2.9,195.0
11,Metapod,18.0,Bug,1,Caterpie,50.0,20.0,55.0,25.0,25.0,30.0,0.7,9.9,205.0
12,Butterfree,58.0,Bug Flying,1,Caterpie,60.0,45.0,50.0,90.0,80.0,70.0,1.1,32.0,395.0
13,Weedle,20.0,Bug Poison,1,Weedle,40.0,35.0,30.0,20.0,20.0,50.0,0.3,3.2,195.0
14,Kakuna,13.0,Bug Poison,1,Weedle,45.0,25.0,50.0,25.0,25.0,35.0,0.6,10.0,205.0
15,Beedrill,83.0,Bug Poison,1,Weedle,65.0,150.0,40.0,15.0,80.0,145.0,1.0,29.5,495.0
16,Pidgey,42.0,Normal Flying,1,Pidgey,40.0,45.0,40.0,35.0,35.0,56.0,0.3,1.8,251.0
17,Pidgeotto,32.0,Normal Flying,1,Pidgey,63.0,60.0,55.0,50.0,50.0,71.0,1.1,30.0,349.0
18,Pidgeot,96.0,Normal Flying,1,Pidgey,83.0,80.0,80.0,135.0,80.0,121.0,1.5,39.5,579.0
19,Rattata,27.0,Normal Dark Normal,1,Rattata,30.0,56.0,35.0,25.0,35.0,72.0,,,253.0
20,Raticate,19.0,Normal Dark Normal,1,Rattata,75.0,71.0,70.0,40.0,80.0,77.0,,,413.0
21,Spearow,2.0,Normal Flying,1,Spearow,40.0,60.0,30.0,31.0,31.0,70.0,0.3,2.0,262.0
22,Fearow,21.0,Normal Flying,1,Spearow,65.0,90.0,65.0,61.0,61.0,100.0,1.2,38.0,442.0
23,Ekans,9.0,Poison,1,Ekans,35.0,60.0,44.0,40.0,54.0,55.0,2.0,6.9,288.0
24,Arbok,19.0,Poison,1,Ekans,60.0,95.0,69.0,65.0,79.0,80.0,3.5,65.0,448.0
25,Pikachu,293.0,Electric,1,Pichu,35.0,55.0,40.0,50.0,50.0,90.0,0.4,6.0,320.0
26,Raichu,301.0,Electric Electric Psychic,1,Pichu,60.0,85.0,50.0,95.0,85.0,110.0,,,485.0
27,Sandshrew,200.0,Ground Ice Steel,1,Sandshrew,50.0,75.0,90.0,10.0,35.0,40.0,,,300.0
28,Sandslash,167.0,Ground Ice Steel,1,Sandshrew,75.0,100.0,120.0,25.0,65.0,65.0,,,450.0
29,Nidoran-F,7.0,Poison,1,Nidoran-F,55.0,47.0,52.0,40.0,40.0,41.0,0.4,7.0,275.0
30,Nidorina,6.0,Poison,1,Nidoran-F,70.0,62.0,67.0,55.0,55.0,56.0,0.8,20.0,365.0
31,Nidoqueen,23.0,Poison Ground,1,Nidoran-F,90.0,92.0,87.0,75.0,85.0,76.0,1.3,60.0,505.0
32,Nidoran-M,18.0,Poison,1,Nidoran-M,46.0,57.0,40.0,40.0,40.0,50.0,0.5,9.0,273.0
33,Nidorino,23.0,Poison,1,Nidoran-M,61.0,72.0,57.0,55.0,55.0,65.0,0.9,19.5,365.0
34,Nidoking,265.0,Poison Ground,1,Nidoran-M,81.0,102.0,77.0,85.0,75.0,85.0,1.4,62.0,505.0
35,Clefairy,44.0,Fairy,1,Cleffa,70.0,45.0,48.0,60.0,65.0,35.0,0.6,7.5,323.0
36,Clefable,39.0,Fairy,1,Cleffa,95.0,70.0,73.0,95.0,90.0,60.0,1.3,40.0,483.0
37,Vulpix,302.0,Fire Ice,1,Vulpix,38.0,41.0,40.0,50.0,65.0,65.0,,,299.0
38,Ninetales,471.0,Fire Ice Fairy,1,Vulpix,73.0,67.0,75.0,81.0,100.0,109.0,,,505.0
39,Jigglypuff,162.0,Normal Fairy,1,Igglybuff,115.0,45.0,20.0,45.0,25.0,20.0,0.5,5.5,270.0
40,Wigglytuff,34.0,Normal Fairy,1,Igglybuff,140.0,70.0,45.0,85.0,50.0,45.0,1.0,12.0,435.0
41,Zubat,37.0,Poison Flying,1,Zubat,40.0,45.0,35.0,30.0,40.0,55.0,0.8,7.5,245.0
42,Golbat,12.0,Poison Flying,1,Zubat,75.0,80.0,70.0,65.0,75.0,90.0,1.6,55.0,455.0
43,Oddish,127.0,Grass Poison,1,Oddish,45.0,50.0,55.0,75.0,65.0,30.0,0.5,5.4,320.0
44,Gloom,32.0,Grass Poison,1,Oddish,60.0,65.0,70.0,85.0,75.0,40.0,0.8,8.6,395.0
45,Vileplume,67.0,Grass Poison,1,Oddish,75.0,80.0,85.0,110.0,90.0,50.0,1.2,18.6,490.0
46,Paras,22.0,Bug Grass,1,Paras,35.0,70.0,55.0,45.0,55.0,25.0,0.3,5.4,285.0
47,Parasect,32.0,Bug Grass,1,Paras,60.0,95.0,80.0,60.0,80.0,30.0,1.0,29.5,405.0
48,Venonat,27.0,Bug Poison,1,Venonat,60.0,55.0,50.0,40.0,55.0,45.0,1.0,30.0,305.0
49,Venomoth,19.0,Bug Poison,1,Venonat,70.0,65.0,60.0,90.0,75.0,90.0,1.5,12.5,450.0
50,Diglett,47.0,Ground Ground Steel,1,Diglett,10.0,55.0,30.0,35.0,45.0,90.0,,,265.0
51,Dugtrio,26.0,Ground Ground Steel,1,Diglett,35.0,100.0,60.0,50.0,70.0,110.0,,,425.0
52,Meowth,50.0,Normal Dark,1,Meowth,40.0,35.0,35.0,50.0,40.0,90.0,,,290.0
53,Persian,33.0,Normal Dark,1,Meowth,65.0,60.0,60.0,75.0,65.0,115.0,,,440.0
54,Psyduck,281.0,Water,1,Psyduck,50.0,52.0,48.0,65.0,50.0,55.0,0.8,19.6,320.0
55,Golduck,60.0,Water,1,Psyduck,80.0,82.0,78.0,95.0,80.0,85.0,1.7,76.6,500.0
56,Mankey,21.0,Fighting,1,Mankey,40.0,80.0,35.0,35.0,45.0,70.0,0.5,28.0,305.0
57,Primeape,59.0,Fighting,1,Mankey,65.0,105.0,60.0,60.0,70.0,95.0,1.0,32.0,455.0
58,Growlithe,276.0,Fire,1,Growlithe,55.0,70.0,45.0,70.0,50.0,60.0,0.7,19.0,350.0
59,Arcanine,923.0,Fire,1,Growlithe,90.0,110.0,80.0,100.0,80.0,95.0,1.9,155.0,555.0
60,Poliwag,30.0,Water,1,Poliwag,40.0,50.0,40.0,40.0,40.0,90.0,0.6,12.4,300.0
61,Poliwhirl,96.0,Water,1,Poliwag,65.0,65.0,65.0,50.0,50.0,90.0,1.0,20.0,385.0
62,Poliwrath,56.0,Water Fighting,1,Poliwag,90.0,95.0,95.0,70.0,90.0,70.0,1.3,54.0,510.0
63,Abra,111.0,Psychic,1,Abra,25.0,20.0,15.0,105.0,55.0,90.0,0.9,19.5,310.0
64,Kadabra,82.0,Psychic,1,Abra,40.0,35.0,30.0,120.0,70.0,105.0,1.3,56.5,400.0
65,Alakazam,376.0,Psychic,1,Abra,55.0,50.0,65.0,175.0,105.0,150.0,1.5,48.0,600.0
66,Machop,23.0,Fighting,1,Machop,70.0,80.0,50.0,35.0,35.0,35.0,0.8,19.5,305.0
67,Machoke,23.0,Fighting,1,Machop,80.0,100.0,70.0,50.0,60.0,45.0,1.5,70.5,405.0
68,Machamp,104.0,Fighting,1,Machop,90.0,130.0,80.0,65.0,85.0,55.0,1.6,130.0,505.0
69,Bellsprout,27.0,Grass Poison,1,Bellsprout,50.0,75.0,35.0,70.0,30.0,40.0,0.7,4.0,300.0
70,Weepinbell,12.0,Grass Poison,1,Bellsprout,65.0,90.0,50.0,85.0,45.0,55.0,1.0,6.4,390.0
71,Victreebel,19.0,Grass Poison,1,Bellsprout,80.0,105.0,65.0,100.0,70.0,70.0,1.7,15.5,490.0
72,Tentacool,9.0,Water Poison,1,Tentacool,40.0,40.0,35.0,50.0,100.0,70.0,0.9,45.5,335.0
73,Tentacruel,30.0,Water Poison,1,Tentacool,80.0,70.0,65.0,80.0,120.0,100.0,1.6,55.0,515.0
74,Geodude,38.0,Rock Ground Rock Electric,1,Geodude,40.0,80.0,100.0,30.0,30.0,20.0,,,300.0
75,Graveler,14.0,Rock Ground Rock Electric,1,Geodude,55.0,95.0,115.0,45.0,45.0,35.0,,,390.0
76,Golem,45.0,Rock Ground Rock Electric,1,Geodude,80.0,120.0,130.0,55.0,65.0,45.0,,,495.0
77,Ponyta,51.0,Fire,1,Ponyta,50.0,85.0,55.0,65.0,65.0,90.0,1.0,30.0,410.0
78,Rapidash,77.0,Fire,1,Ponyta,65.0,100.0,70.0,80.0,80.0,105.0,1.7,95.0,500.0
79,Slowpoke,118.0,Water Psychic,1,Slowpoke,90.0,65.0,65.0,40.0,40.0,15.0,1.2,36.0,315.0
80,Slowbro,79.0,Water Psychic,1,Slowpoke,95.0,75.0,180.0,130.0,80.0,30.0,1.6,78.5,590.0
81,Magnemite,61.0,Electric Steel,1,Magnemite,25.0,35.0,70.0,95.0,55.0,45.0,0.3,6.0,325.0
82,Magneton,54.0,Electric Steel,1,Magnemite,50.0,60.0,95.0,120.0,70.0,70.0,1.0,60.0,465.0
83,Farfetchd,118.0,Normal Flying,1,Farfetchd,52.0,90.0,55.0,58.0,62.0,60.0,0.8,15.0,377.0
84,Doduo,7.0,Normal Flying,1,Doduo,35.0,85.0,45.0,35.0,35.0,75.0,1.4,39.2,310.0
85,Dodrio,14.0,Normal Flying,1,Doduo,60.0,110.0,70.0,60.0,60.0,110.0,1.8,85.2,470.0
86,Seel,27.0,Water,1,Seel,65.0,45.0,55.0,45.0,70.0,45.0,1.1,90.0,325.0
87,Dewgong,49.0,Water Ice,1,Seel,90.0,70.0,80.0,70.0,95.0,70.0,1.7,120.0,475.0
88,Grimer,14.0,Poison Poison Dark,1,Grimer,80.0,80.0,50.0,40.0,50.0,25.0,,,325.0
89,Muk,86.0,Poison Poison Dark,1,Grimer,105.0,105.0,75.0,65.0,100.0,50.0,,,500.0
90,Shellder,19.0,Water,1,Shellder,30.0,65.0,100.0,45.0,25.0,40.0,0.3,4.0,305.0
91,Cloyster,56.0,Water Ice,1,Shellder,50.0,95.0,180.0,85.0,45.0,70.0,1.5,132.5,525.0
92,Gastly,27.0,Ghost Poison,1,Gastly,30.0,35.0,30.0,100.0,35.0,80.0,1.3,0.1,310.0
93,Haunter,301.0,Ghost Poison,1,Gastly,45.0,50.0,45.0,115.0,55.0,95.0,1.6,0.1,405.0
94,Gengar,1056.0,Ghost Poison,1,Gastly,60.0,65.0,80.0,170.0,95.0,130.0,1.5,40.5,600.0
95,Onix,46.0,Rock Ground,1,Onix,35.0,45.0,160.0,30.0,45.0,70.0,8.8,210.0,385.0
96,Drowzee,18.0,Psychic,1,Drowzee,60.0,48.0,45.0,43.0,90.0,42.0,1.0,32.4,328.0
97,Hypno,31.0,Psychic,1,Drowzee,85.0,73.0,70.0,73.0,115.0,67.0,1.6,75.6,483.0
98,Krabby,42.0,Water,1,Krabby,30.0,105.0,90.0,25.0,25.0,50.0,0.4,6.5,325.0
99,Kingler,62.0,Water,1,Krabby,55.0,130.0,115.0,50.0,50.0,75.0,1.3,60.0,475.0
100,Voltorb,12.0,Electric,1,Voltorb,40.0,30.0,50.0,55.0,55.0,100.0,0.5,10.4,330.0
101,Electrode,13.0,Electric,1,Voltorb,60.0,50.0,70.0,80.0,80.0,150.0,1.2,66.6,490.0
102,Exeggcute,1.0,Grass Psychic,1,Exeggcute,60.0,40.0,80.0,60.0,45.0,40.0,0.4,2.5,325.0
103,Exeggutor,50.0,Grass Psychic Grass Dragon,1,Exeggcute,95.0,105.0,85.0,125.0,75.0,45.0,,,530.0
104,Cubone,321.0,Ground,1,Cubone,50.0,50.0,95.0,40.0,50.0,35.0,0.4,6.5,320.0
105,Marowak,83.0,Ground Fire Ghost,1,Cubone,60.0,80.0,110.0,50.0,80.0,45.0,,,425.0
106,Hitmonlee,45.0,Fighting,1,Tyrogue,50.0,120.0,53.0,35.0,110.0,87.0,1.5,49.8,455.0
107,Hitmonchan,52.0,Fighting,1,Tyrogue,50.0,105.0,79.0,35.0,110.0,76.0,1.4,50.2,455.0
108,Lickitung,55.0,Normal,1,Lickitung,90.0,55.0,75.0,60.0,75.0,30.0,1.2,65.5,385.0
109,Koffing,62.0,Poison,1,Koffing,40.0,65.0,95.0,60.0,45.0,35.0,0.6,1.0,340.0
110,Weezing,50.0,Poison,1,Koffing,65.0,90.0,120.0,85.0,70.0,60.0,1.2,9.5,490.0
111,Rhyhorn,20.0,Ground Rock,1,Rhyhorn,80.0,85.0,95.0,30.0,30.0,25.0,1.0,115.0,345.0
112,Rhydon,43.0,Ground Rock,1,Rhyhorn,105.0,130.0,120.0,45.0,45.0,40.0,1.9,120.0,485.0
113,Chansey,53.0,Normal,1,Happiny,250.0,5.0,5.0,35.0,105.0,50.0,1.1,34.6,450.0
114,Tangela,47.0,Grass,1,Tangela,65.0,55.0,115.0,100.0,40.0,60.0,1.0,35.0,435.0
115,Kangaskhan,37.0,Normal,1,Kangaskhan,105.0,125.0,100.0,60.0,100.0,100.0,2.2,80.0,590.0
116,Horsea,9.0,Water,1,Horsea,30.0,40.0,70.0,70.0,25.0,60.0,0.4,8.0,295.0
117,Seadra,11.0,Water,1,Horsea,55.0,65.0,95.0,95.0,45.0,85.0,1.2,25.0,440.0
118,Goldeen,2.0,Water,1,Goldeen,45.0,67.0,60.0,35.0,50.0,63.0,0.6,15.0,320.0
119,Seaking,8.0,Water,1,Goldeen,80.0,92.0,65.0,65.0,80.0,68.0,1.3,39.0,450.0
120,Staryu,21.0,Water,1,Staryu,30.0,45.0,55.0,70.0,55.0,85.0,0.8,34.5,340.0
121,Starmie,111.0,Water Psychic,1,Staryu,60.0,75.0,85.0,100.0,85.0,115.0,1.1,80.0,520.0
122,Mr-Mime,70.0,Psychic Fairy,1,Mime-Jr,40.0,45.0,65.0,100.0,120.0,90.0,1.3,54.5,460.0
123,Scyther,394.0,Bug Flying,1,Scyther,70.0,110.0,80.0,55.0,80.0,105.0,1.5,56.0,500.0
124,Jynx,38.0,Ice Psychic,1,Smoochum,65.0,50.0,35.0,115.0,95.0,95.0,1.4,40.6,455.0
125,Electabuzz,42.0,Electric,1,Elekid,65.0,83.0,57.0,95.0,85.0,105.0,1.1,30.0,490.0
126,Magmar,42.0,Fire,1,Magby,65.0,95.0,57.0,100.0,85.0,93.0,1.3,44.5,495.0
127,Pinsir,32.0,Bug Flying,1,Pinsir,65.0,155.0,120.0,65.0,90.0,105.0,1.5,55.0,600.0
128,Tauros,54.0,Normal,1,Tauros,75.0,100.0,95.0,40.0,70.0,110.0,1.4,88.4,490.0
129,Magikarp,119.0,Water,1,Magikarp,20.0,10.0,55.0,15.0,20.0,80.0,0.9,10.0,200.0
130,Gyarados,265.0,Water Flying Dark,1,Magikarp,95.0,155.0,109.0,70.0,130.0,81.0,6.5,235.0,640.0
131,Lapras,233.0,Water Ice,1,Lapras,130.0,85.0,80.0,85.0,95.0,60.0,2.5,220.0,535.0
132,Ditto,184.0,Normal,1,Ditto,48.0,48.0,48.0,48.0,48.0,48.0,0.3,4.0,288.0
133,Eevee,581.0,Normal,1,Eevee,55.0,55.0,50.0,45.0,65.0,55.0,0.3,6.5,325.0
134,Vaporeon,275.0,Water,1,Eevee,130.0,65.0,60.0,110.0,95.0,65.0,1.0,29.0,525.0
135,Jolteon,335.0,Electric,1,Eevee,65.0,65.0,60.0,110.0,95.0,130.0,0.8,24.5,525.0
136,Flareon,94.0,Fire,1,Eevee,65.0,130.0,60.0,95.0,110.0,65.0,0.9,25.0,525.0
137,Porygon,97.0,Normal,1,Porygon,65.0,60.0,70.0,85.0,75.0,40.0,0.8,36.5,395.0
138,Omanyte,15.0,Rock Water,1,Omanyte,35.0,40.0,100.0,90.0,55.0,35.0,0.4,7.5,355.0
139,Omastar,13.0,Rock Water,1,Omanyte,70.0,60.0,125.0,115.0,70.0,55.0,1.0,35.0,495.0
140,Kabuto,20.0,Rock Water,1,Kabuto,30.0,80.0,90.0,55.0,45.0,55.0,0.5,11.5,355.0
141,Kabutops,118.0,Rock Water,1,Kabuto,60.0,115.0,105.0,65.0,70.0,80.0,1.3,40.5,495.0
142,Aerodactyl,51.0,Rock Flying,1,Aerodactyl,80.0,135.0,85.0,70.0,95.0,150.0,1.8,59.0,615.0
143,Snorlax,433.0,Normal,1,Munchlax,160.0,110.0,65.0,65.0,110.0,30.0,2.1,460.0,540.0
144,Articuno,136.0,Ice Flying,1,Articuno,90.0,85.0,100.0,95.0,125.0,85.0,1.7,55.4,580.0
145,Zapdos,121.0,Electric Flying,1,Zapdos,90.0,90.0,85.0,125.0,90.0,100.0,1.6,52.6,580.0
146,Moltres,16.0,Fire Flying,1,Moltres,90.0,100.0,90.0,125.0,85.0,90.0,2.0,60.0,580.0
147,Dratini,92.0,Dragon,1,Dratini,41.0,64.0,45.0,50.0,50.0,50.0,1.8,3.3,300.0
148,Dragonair,157.0,Dragon,1,Dratini,61.0,84.0,65.0,70.0,70.0,70.0,4.0,16.5,420.0
149,Dragonite,551.0,Dragon Flying,1,Dratini,91.0,134.0,95.0,100.0,100.0,80.0,2.2,210.0,600.0
150,Mewtwo,298.0,Psychic Fighting,1,Mewtwo,106.0,150.0,70.0,194.0,120.0,140.0,2.0,122.0,780.0
151,Mew,269.0,Psychic,1,Mew,100.0,100.0,100.0,100.0,100.0,100.0,0.4,4.0,600.0
152,Chikorita,98.0,Grass,2,Chikorita,45.0,49.0,65.0,49.0,65.0,45.0,0.9,6.4,318.0
153,Bayleef,66.0,Grass,2,Chikorita,60.0,62.0,80.0,63.0,80.0,60.0,1.2,15.8,405.0
154,Meganium,75.0,Grass,2,Chikorita,80.0,82.0,100.0,83.0,100.0,80.0,1.8,100.5,525.0
155,Cyndaquil,377.0,Fire,2,Cyndaquil,39.0,52.0,43.0,60.0,50.0,65.0,0.5,7.9,309.0
156,Quilava,181.0,Fire,2,Cyndaquil,58.0,64.0,58.0,80.0,65.0,80.0,0.9,19.0,405.0
157,Typhlosion,534.0,Fire,2,Cyndaquil,78.0,84.0,78.0,109.0,85.0,100.0,1.7,79.5,534.0
158,Totodile,300.0,Water,2,Totodile,50.0,65.0,64.0,44.0,48.0,43.0,0.6,9.5,314.0
159,Croconaw,21.0,Water,2,Totodile,65.0,80.0,80.0,59.0,63.0,58.0,1.1,25.0,405.0
160,Feraligatr,287.0,Water,2,Totodile,85.0,105.0,100.0,79.0,83.0,78.0,2.3,88.8,530.0
161,Sentret,12.0,Normal,2,Sentret,35.0,46.0,34.0,35.0,45.0,20.0,0.8,6.0,215.0
162,Furret,132.0,Normal,2,Sentret,85.0,76.0,64.0,45.0,55.0,90.0,1.8,32.5,415.0
163,Hoothoot,8.0,Normal Flying,2,Hoothoot,60.0,30.0,30.0,36.0,56.0,50.0,0.7,21.2,262.0
164,Noctowl,32.0,Normal Flying,2,Hoothoot,100.0,50.0,50.0,86.0,96.0,70.0,1.6,40.8,452.0
165,Ledyba,5.0,Bug Flying,2,Ledyba,40.0,20.0,30.0,40.0,80.0,55.0,1.0,10.8,265.0
166,Ledian,30.0,Bug Flying,2,Ledyba,55.0,35.0,50.0,55.0,110.0,85.0,1.4,35.6,390.0
167,Spinarak,11.0,Bug Poison,2,Spinarak,40.0,60.0,40.0,40.0,40.0,30.0,0.5,8.5,250.0
168,Ariados,13.0,Bug Poison,2,Spinarak,70.0,90.0,70.0,60.0,70.0,40.0,1.1,33.5,400.0
169,Crobat,231.0,Poison Flying,2,Zubat,85.0,90.0,80.0,70.0,80.0,130.0,1.8,75.0,535.0
170,Chinchou,21.0,Water Electric,2,Chinchou,75.0,38.0,38.0,56.0,56.0,67.0,0.5,12.0,330.0
171,Lanturn,63.0,Water Electric,2,Chinchou,125.0,58.0,58.0,76.0,76.0,67.0,1.2,22.5,460.0
172,Pichu,59.0,Electric,2,Pichu,20.0,40.0,15.0,35.0,35.0,60.0,0.3,2.0,205.0
173,Cleffa,6.0,Fairy,2,Cleffa,50.0,25.0,28.0,45.0,55.0,15.0,0.3,3.0,218.0
174,Igglybuff,5.0,Normal Fairy,2,Igglybuff,90.0,30.0,15.0,40.0,20.0,15.0,0.3,1.0,210.0
175,Togepi,71.0,Fairy,2,Togepi,35.0,20.0,65.0,40.0,65.0,20.0,0.3,1.5,245.0
176,Togetic,21.0,Fairy Flying,2,Togepi,55.0,40.0,85.0,80.0,105.0,40.0,0.6,3.2,405.0
177,Natu,22.0,Psychic Flying,2,Natu,40.0,50.0,45.0,70.0,45.0,70.0,0.2,2.0,320.0
178,Xatu,50.0,Psychic Flying,2,Natu,65.0,75.0,70.0,95.0,70.0,95.0,1.5,15.0,470.0
179,Mareep,118.0,Electric,2,Mareep,55.0,40.0,40.0,65.0,45.0,35.0,0.6,7.8,280.0
180,Flaaffy,43.0,Electric,2,Mareep,70.0,55.0,55.0,80.0,60.0,45.0,0.8,13.3,365.0
181,Ampharos,529.0,Electric Dragon,2,Mareep,90.0,95.0,105.0,165.0,110.0,45.0,1.4,61.5,610.0
182,Bellossom,28.0,Grass,2,Oddish,75.0,80.0,95.0,90.0,100.0,50.0,0.4,5.8,490.0
183,Marill,31.0,Water Fairy,2,Azurill,70.0,20.0,50.0,20.0,50.0,40.0,0.4,8.5,250.0
184,Azumarill,106.0,Water Fairy,2,Azurill,100.0,50.0,80.0,60.0,80.0,50.0,0.8,28.5,420.0
185,Sudowoodo,60.0,Rock,2,Bonsly,70.0,100.0,115.0,30.0,65.0,30.0,1.2,38.0,410.0
186,Politoed,73.0,Water,2,Poliwag,90.0,75.0,75.0,90.0,100.0,70.0,1.1,33.9,500.0
187,Hoppip,14.0,Grass Flying,2,Hoppip,35.0,35.0,40.0,35.0,55.0,50.0,0.4,0.5,250.0
188,Skiploom,3.0,Grass Flying,2,Hoppip,55.0,45.0,50.0,45.0,65.0,80.0,0.6,1.0,340.0
189,Jumpluff,35.0,Grass Flying,2,Hoppip,75.0,55.0,70.0,55.0,95.0,110.0,0.8,3.0,460.0
190,Aipom,66.0,Normal,2,Aipom,55.0,70.0,55.0,40.0,55.0,85.0,0.8,11.5,360.0
191,Sunkern,14.0,Grass,2,Sunkern,30.0,30.0,30.0,30.0,30.0,30.0,0.3,1.8,180.0
192,Sunflora,12.0,Grass,2,Sunkern,75.0,75.0,55.0,105.0,85.0,30.0,0.8,8.5,425.0
193,Yanma,22.0,Bug Flying,2,Yanma,65.0,65.0,45.0,75.0,45.0,95.0,1.2,38.0,390.0
194,Wooper,109.0,Water Ground,2,Wooper,55.0,45.0,45.0,25.0,25.0,15.0,0.4,8.5,210.0
195,Quagsire,123.0,Water Ground,2,Wooper,95.0,85.0,85.0,65.0,65.0,35.0,1.4,75.0,430.0
196,Espeon,384.0,Psychic,2,Eevee,65.0,65.0,60.0,130.0,95.0,110.0,0.9,26.5,525.0
197,Umbreon,607.0,Dark,2,Eevee,95.0,65.0,110.0,60.0,130.0,65.0,1.0,27.0,525.0
198,Murkrow,86.0,Dark Flying,2,Murkrow,60.0,85.0,42.0,85.0,42.0,91.0,0.5,2.1,405.0
199,Slowking,46.0,Water Psychic,2,Slowpoke,95.0,75.0,80.0,100.0,110.0,30.0,2.0,79.5,490.0
200,Misdreavus,80.0,Ghost,2,Misdreavus,60.0,60.0,60.0,85.0,85.0,85.0,0.7,1.0,435.0
201,Unown,18.0,Psychic,2,Unown,48.0,72.0,48.0,72.0,48.0,48.0,0.5,5.0,336.0
202,Wobbuffet,79.0,Psychic,2,Wynaut,190.0,33.0,58.0,33.0,58.0,33.0,1.3,28.5,405.0
203,Girafarig,34.0,Normal Psychic,2,Girafarig,70.0,80.0,65.0,90.0,65.0,85.0,1.5,41.5,455.0
204,Pineco,7.0,Bug,2,Pineco,50.0,65.0,90.0,35.0,35.0,15.0,0.6,7.2,290.0
205,Forretress,30.0,Bug Steel,2,Pineco,75.0,90.0,140.0,60.0,60.0,40.0,1.2,125.8,465.0
206,Dunsparce,209.0,Normal,2,Dunsparce,100.0,70.0,70.0,65.0,65.0,45.0,1.5,14.0,415.0
207,Gligar,30.0,Ground Flying,2,Gligar,65.0,75.0,105.0,35.0,65.0,85.0,1.1,64.8,430.0
208,Steelix,95.0,Steel Ground,2,Onix,75.0,125.0,230.0,55.0,95.0,30.0,9.2,400.0,610.0
209,Snubbull,21.0,Fairy,2,Snubbull,60.0,80.0,50.0,40.0,40.0,30.0,0.6,7.8,300.0
210,Granbull,8.0,Fairy,2,Snubbull,90.0,120.0,75.0,60.0,60.0,45.0,1.4,48.7,450.0
211,Qwilfish,23.0,Water Poison,2,Qwilfish,65.0,95.0,85.0,55.0,55.0,85.0,0.5,3.9,440.0
212,Scizor,424.0,Bug Steel,2,Scyther,70.0,150.0,140.0,65.0,100.0,75.0,1.8,118.0,600.0
213,Shuckle,176.0,Bug Rock,2,Shuckle,20.0,10.0,230.0,10.0,230.0,5.0,0.6,20.5,505.0
214,Heracross,279.0,Bug Fighting,2,Heracross,80.0,185.0,115.0,40.0,105.0,75.0,1.5,54.0,600.0
215,Sneasel,103.0,Dark Ice,2,Sneasel,55.0,95.0,55.0,35.0,75.0,115.0,0.9,28.0,430.0
216,Teddiursa,40.0,Normal,2,Teddiursa,60.0,80.0,50.0,50.0,50.0,40.0,0.6,8.8,330.0
217,Ursaring,34.0,Normal,2,Teddiursa,90.0,130.0,75.0,75.0,75.0,55.0,1.8,125.8,500.0
218,Slugma,13.0,Fire,2,Slugma,40.0,40.0,40.0,70.0,40.0,20.0,0.7,35.0,250.0
219,Magcargo,23.0,Fire Rock,2,Slugma,60.0,50.0,120.0,90.0,80.0,30.0,0.8,55.0,430.0
220,Swinub,39.0,Ice Ground,2,Swinub,50.0,50.0,40.0,30.0,30.0,50.0,0.4,6.5,250.0
221,Piloswine,13.0,Ice Ground,2,Swinub,100.0,100.0,80.0,60.0,60.0,50.0,1.1,55.8,450.0
222,Corsola,34.0,Water Rock,2,Corsola,65.0,55.0,95.0,65.0,95.0,35.0,0.6,5.0,410.0
223,Remoraid,3.0,Water,2,Remoraid,35.0,65.0,35.0,65.0,35.0,65.0,0.6,12.0,300.0
224,Octillery,37.0,Water,2,Remoraid,75.0,105.0,75.0,105.0,75.0,45.0,0.9,28.5,480.0
225,Delibird,38.0,Ice Flying,2,Delibird,45.0,55.0,45.0,65.0,45.0,75.0,0.9,16.0,330.0
226,Mantine,27.0,Water Flying,2,Mantyke,85.0,40.0,70.0,80.0,140.0,70.0,2.1,220.0,485.0
227,Skarmory,135.0,Steel Flying,2,Skarmory,65.0,80.0,140.0,40.0,70.0,70.0,1.7,50.5,465.0
228,Houndour,29.0,Dark Fire,2,Houndour,45.0,60.0,30.0,80.0,50.0,65.0,0.6,10.8,330.0
229,Houndoom,177.0,Dark Fire,2,Houndour,75.0,90.0,90.0,140.0,90.0,115.0,1.4,35.0,600.0
230,Kingdra,72.0,Water Dragon,2,Horsea,75.0,95.0,95.0,95.0,95.0,85.0,1.8,152.0,540.0
231,Phanpy,77.0,Ground,2,Phanpy,90.0,60.0,60.0,40.0,40.0,40.0,0.5,33.5,330.0
232,Donphan,72.0,Ground,2,Phanpy,90.0,120.0,120.0,60.0,60.0,50.0,1.1,120.0,500.0
233,Porygon2,69.0,Normal,2,Porygon,85.0,80.0,90.0,105.0,95.0,60.0,0.6,32.5,515.0
234,Stantler,21.0,Normal,2,Stantler,73.0,95.0,62.0,85.0,65.0,85.0,1.4,71.2,465.0
235,Smeargle,55.0,Normal,2,Smeargle,55.0,20.0,35.0,20.0,45.0,75.0,1.2,58.0,250.0
236,Tyrogue,5.0,Fighting,2,Tyrogue,35.0,35.0,35.0,35.0,35.0,35.0,0.7,21.0,210.0
237,Hitmontop,17.0,Fighting,2,Tyrogue,50.0,95.0,95.0,35.0,110.0,70.0,1.4,48.0,455.0
238,Smoochum,5.0,Ice Psychic,2,Smoochum,45.0,30.0,15.0,85.0,65.0,65.0,0.4,6.0,305.0
239,Elekid,23.0,Electric,2,Elekid,45.0,63.0,37.0,65.0,55.0,95.0,0.6,23.5,360.0
240,Magby,5.0,Fire,2,Magby,45.0,75.0,37.0,70.0,55.0,83.0,0.7,21.4,365.0
241,Miltank,54.0,Normal,2,Miltank,95.0,80.0,105.0,40.0,70.0,100.0,1.2,75.5,490.0
242,Blissey,15.0,Normal,2,Happiny,255.0,10.0,10.0,75.0,135.0,55.0,1.5,46.8,540.0
243,Raikou,41.0,Electric,2,Raikou,90.0,85.0,75.0,115.0,100.0,115.0,1.9,178.0,580.0
244,Entei,56.0,Fire,2,Entei,115.0,115.0,85.0,90.0,75.0,100.0,2.1,198.0,580.0
245,Suicune,140.0,Water,2,Suicune,100.0,75.0,115.0,90.0,115.0,85.0,2.0,187.0,580.0
246,Larvitar,50.0,Rock Ground,2,Larvitar,50.0,64.0,50.0,45.0,50.0,41.0,0.6,72.0,300.0
247,Pupitar,2.0,Rock Ground,2,Larvitar,70.0,84.0,70.0,65.0,70.0,51.0,1.2,152.0,410.0
248,Tyranitar,451.0,Rock Dark,2,Larvitar,100.0,164.0,150.0,95.0,120.0,71.0,2.0,202.0,700.0
249,Lugia,260.0,Psychic Flying,2,Lugia,106.0,90.0,130.0,90.0,154.0,110.0,5.2,216.0,680.0
250,Ho-Oh,49.0,Fire Flying,2,Ho-Oh,106.0,130.0,90.0,110.0,154.0,90.0,3.8,199.0,680.0
251,Celebi,78.0,Psychic Grass,2,Celebi,100.0,100.0,100.0,100.0,100.0,100.0,0.6,5.0,600.0
252,Treecko,134.0,Grass,3,Treecko,40.0,45.0,35.0,65.0,55.0,70.0,0.5,5.0,310.0
253,Grovyle,129.0,Grass,3,Treecko,50.0,65.0,45.0,85.0,65.0,95.0,0.9,21.6,405.0
254,Sceptile,337.0,Grass Dragon,3,Treecko,70.0,110.0,75.0,145.0,85.0,145.0,1.7,52.2,630.0
255,Torchic,105.0,Fire,3,Torchic,45.0,60.0,40.0,70.0,50.0,45.0,0.4,2.5,310.0
256,Combusken,6.0,Fire Fighting,3,Torchic,60.0,85.0,60.0,85.0,60.0,55.0,0.9,19.5,405.0
257,Blaziken,613.0,Fire Fighting,3,Torchic,80.0,160.0,80.0,130.0,80.0,100.0,1.9,52.0,630.0
258,Mudkip,404.0,Water,3,Mudkip,50.0,70.0,50.0,50.0,50.0,40.0,0.4,7.6,310.0
259,Marshtomp,21.0,Water Ground,3,Mudkip,70.0,85.0,70.0,60.0,70.0,50.0,0.7,28.0,405.0
260,Swampert,381.0,Water Ground,3,Mudkip,100.0,150.0,110.0,95.0,110.0,70.0,1.5,81.9,635.0
261,Poochyena,28.0,Dark,3,Poochyena,35.0,55.0,35.0,30.0,30.0,35.0,0.5,13.6,220.0
262,Mightyena,61.0,Dark,3,Poochyena,70.0,90.0,70.0,60.0,60.0,70.0,1.0,37.0,420.0
263,Zigzagoon,56.0,Normal,3,Zigzagoon,38.0,30.0,41.0,30.0,41.0,60.0,0.4,17.5,240.0
264,Linoone,31.0,Normal,3,Zigzagoon,78.0,70.0,61.0,50.0,61.0,100.0,0.5,32.5,420.0
265,Wurmple,12.0,Bug,3,Wurmple,45.0,45.0,35.0,20.0,30.0,20.0,0.3,3.6,195.0
266,Silcoon,0.0,Bug,3,Wurmple,50.0,35.0,55.0,25.0,25.0,15.0,0.6,10.0,205.0
267,Beautifly,2.0,Bug Flying,3,Wurmple,60.0,70.0,50.0,100.0,50.0,65.0,1.0,28.4,395.0
268,Cascoon,2.0,Bug,3,Wurmple,50.0,35.0,55.0,25.0,25.0,15.0,0.7,11.5,205.0
269,Dustox,5.0,Bug Poison,3,Wurmple,60.0,50.0,70.0,50.0,90.0,65.0,1.2,31.6,385.0
270,Lotad,34.0,Water Grass,3,Lotad,40.0,30.0,30.0,40.0,50.0,30.0,0.5,2.6,220.0
271,Lombre,6.0,Water Grass,3,Lotad,60.0,50.0,50.0,60.0,70.0,50.0,1.2,32.5,340.0
272,Ludicolo,147.0,Water Grass,3,Lotad,80.0,70.0,70.0,90.0,100.0,70.0,1.5,55.0,480.0
273,Seedot,14.0,Grass,3,Seedot,40.0,40.0,50.0,30.0,30.0,30.0,0.5,4.0,220.0
274,Nuzleaf,6.0,Grass Dark,3,Seedot,70.0,70.0,40.0,60.0,40.0,60.0,1.0,28.0,340.0
275,Shiftry,29.0,Grass Dark,3,Seedot,90.0,100.0,60.0,90.0,60.0,80.0,1.3,59.6,480.0
276,Taillow,8.0,Normal Flying,3,Taillow,40.0,55.0,30.0,30.0,30.0,85.0,0.3,2.3,270.0
277,Swellow,33.0,Normal Flying,3,Taillow,60.0,85.0,60.0,75.0,50.0,125.0,0.7,19.8,455.0
278,Wingull,18.0,Water Flying,3,Wingull,40.0,30.0,30.0,55.0,30.0,85.0,0.6,9.5,270.0
279,Pelipper,30.0,Water Flying,3,Wingull,60.0,50.0,100.0,95.0,70.0,65.0,1.2,28.0,440.0
280,Ralts,82.0,Psychic Fairy,3,Ralts,28.0,25.0,25.0,45.0,35.0,40.0,0.4,6.6,198.0
281,Kirlia,18.0,Psychic Fairy,3,Ralts,38.0,35.0,35.0,65.0,55.0,50.0,0.8,20.2,278.0
282,Gardevoir,585.0,Psychic Fairy,3,Ralts,68.0,85.0,65.0,165.0,135.0,100.0,1.6,48.4,618.0
283,Surskit,22.0,Bug Water,3,Surskit,40.0,30.0,32.0,50.0,52.0,65.0,0.5,1.7,269.0
284,Masquerain,24.0,Bug Flying,3,Surskit,70.0,60.0,62.0,100.0,82.0,80.0,0.8,3.6,454.0
285,Shroomish,27.0,Grass,3,Shroomish,60.0,40.0,60.0,40.0,60.0,35.0,0.4,4.5,295.0
286,Breloom,228.0,Grass Fighting,3,Shroomish,60.0,130.0,80.0,60.0,60.0,70.0,1.2,39.2,460.0
287,Slakoth,23.0,Normal,3,Slakoth,60.0,60.0,60.0,35.0,35.0,30.0,0.8,24.0,280.0
288,Vigoroth,9.0,Normal,3,Slakoth,80.0,80.0,80.0,55.0,55.0,90.0,1.4,46.5,440.0
289,Slaking,69.0,Normal,3,Slakoth,150.0,160.0,100.0,95.0,65.0,100.0,2.0,130.5,670.0
290,Nincada,3.0,Bug Ground,3,Nincada,31.0,45.0,90.0,30.0,30.0,40.0,0.5,5.5,266.0
291,Ninjask,27.0,Bug Flying,3,Nincada,61.0,90.0,45.0,50.0,50.0,160.0,0.8,12.0,456.0
292,Shedinja,116.0,Bug Ghost,3,Nincada,1.0,90.0,45.0,30.0,30.0,40.0,0.8,1.2,236.0
293,Whismur,5.0,Normal,3,Whismur,64.0,51.0,23.0,51.0,23.0,28.0,0.6,16.3,240.0
294,Loudred,5.0,Normal,3,Whismur,84.0,71.0,43.0,71.0,43.0,48.0,1.0,40.5,360.0
295,Exploud,26.0,Normal,3,Whismur,104.0,91.0,63.0,91.0,73.0,68.0,1.5,84.0,490.0
296,Makuhita,4.0,Fighting,3,Makuhita,72.0,60.0,30.0,20.0,30.0,25.0,1.0,86.4,237.0
297,Hariyama,13.0,Fighting,3,Makuhita,144.0,120.0,60.0,40.0,60.0,50.0,2.3,253.8,474.0
298,Azurill,10.0,Normal Fairy,3,Azurill,50.0,20.0,40.0,20.0,40.0,20.0,0.2,2.0,190.0
299,Nosepass,10.0,Rock,3,Nosepass,30.0,45.0,135.0,45.0,90.0,30.0,1.0,97.0,375.0
300,Skitty,74.0,Normal,3,Skitty,50.0,45.0,45.0,35.0,35.0,50.0,0.6,11.0,260.0
301,Delcatty,30.0,Normal,3,Skitty,70.0,65.0,65.0,55.0,55.0,90.0,1.1,32.6,400.0
302,Sableye,237.0,Dark Ghost,3,Sableye,50.0,85.0,125.0,85.0,115.0,20.0,0.5,11.0,480.0
303,Mawile,247.0,Steel Fairy,3,Mawile,50.0,105.0,125.0,55.0,95.0,50.0,0.6,11.5,480.0
304,Aron,96.0,Steel Rock,3,Aron,50.0,70.0,100.0,40.0,40.0,30.0,0.4,60.0,330.0
305,Lairon,19.0,Steel Rock,3,Aron,60.0,90.0,140.0,50.0,50.0,40.0,0.9,120.0,430.0
306,Aggron,313.0,Steel Rock,3,Aron,70.0,140.0,230.0,60.0,80.0,50.0,2.1,360.0,630.0
307,Meditite,2.0,Fighting Psychic,3,Meditite,30.0,40.0,55.0,40.0,55.0,60.0,0.6,11.2,280.0
308,Medicham,20.0,Fighting Psychic,3,Meditite,60.0,100.0,85.0,80.0,85.0,100.0,1.3,31.5,510.0
309,Electrike,8.0,Electric,3,Electrike,40.0,45.0,40.0,65.0,40.0,65.0,0.6,15.2,295.0
310,Manectric,62.0,Electric,3,Electrike,70.0,75.0,80.0,135.0,80.0,135.0,1.5,40.2,575.0
311,Plusle,23.0,Electric,3,Plusle,60.0,50.0,40.0,85.0,75.0,95.0,0.4,4.2,405.0
312,Minun,24.0,Electric,3,Minun,60.0,40.0,50.0,75.0,85.0,95.0,0.4,4.2,405.0
313,Volbeat,9.0,Bug,3,Volbeat,65.0,73.0,75.0,47.0,85.0,85.0,0.7,17.7,430.0
314,Illumise,5.0,Bug,3,Illumise,65.0,47.0,75.0,73.0,85.0,85.0,0.6,17.7,430.0
315,Roselia,19.0,Grass Poison,3,Budew,50.0,60.0,45.0,100.0,80.0,65.0,0.3,2.0,400.0
316,Gulpin,16.0,Poison,3,Gulpin,70.0,43.0,53.0,43.0,53.0,40.0,0.4,10.3,302.0
317,Swalot,22.0,Poison,3,Gulpin,100.0,73.0,83.0,73.0,83.0,55.0,1.7,80.0,467.0
318,Carvanha,3.0,Water Dark,3,Carvanha,45.0,90.0,20.0,65.0,20.0,65.0,0.8,20.8,305.0
319,Sharpedo,33.0,Water Dark,3,Carvanha,70.0,140.0,70.0,110.0,65.0,105.0,1.8,88.8,560.0
320,Wailmer,18.0,Water,3,Wailmer,130.0,70.0,35.0,70.0,35.0,60.0,2.0,130.0,400.0
321,Wailord,86.0,Water,3,Wailmer,170.0,90.0,45.0,90.0,45.0,60.0,14.5,398.0,500.0
322,Numel,21.0,Fire Ground,3,Numel,60.0,60.0,40.0,65.0,45.0,35.0,0.7,24.0,305.0
323,Camerupt,42.0,Fire Ground,3,Numel,70.0,120.0,100.0,145.0,105.0,20.0,1.9,220.0,560.0
324,Torkoal,37.0,Fire,3,Torkoal,70.0,85.0,140.0,85.0,70.0,20.0,0.5,80.4,470.0
325,Spoink,33.0,Psychic,3,Spoink,60.0,25.0,35.0,70.0,80.0,60.0,0.7,30.6,330.0
326,Grumpig,21.0,Psychic,3,Spoink,80.0,45.0,65.0,90.0,110.0,80.0,0.9,71.5,470.0
327,Spinda,38.0,Normal,3,Spinda,60.0,60.0,60.0,60.0,60.0,60.0,1.1,5.0,360.0
328,Trapinch,22.0,Ground,3,Trapinch,45.0,100.0,45.0,45.0,45.0,10.0,0.7,15.0,290.0
329,Vibrava,16.0,Ground Dragon,3,Trapinch,50.0,70.0,50.0,50.0,50.0,70.0,1.1,15.3,340.0
330,Flygon,510.0,Ground Dragon,3,Trapinch,80.0,100.0,80.0,80.0,80.0,100.0,2.0,82.0,520.0
331,Cacnea,23.0,Grass,3,Cacnea,50.0,85.0,40.0,85.0,40.0,35.0,0.4,51.3,335.0
332,Cacturne,21.0,Grass Dark,3,Cacnea,70.0,115.0,60.0,115.0,60.0,55.0,1.3,77.4,475.0
333,Swablu,25.0,Normal Flying,3,Swablu,45.0,40.0,60.0,40.0,75.0,50.0,0.4,1.2,310.0
334,Altaria,136.0,Dragon Flying Fairy,3,Swablu,75.0,110.0,110.0,110.0,105.0,80.0,1.1,20.6,590.0
335,Zangoose,99.0,Normal,3,Zangoose,73.0,115.0,60.0,60.0,60.0,90.0,1.3,40.3,458.0
336,Seviper,21.0,Poison,3,Seviper,73.0,100.0,60.0,100.0,60.0,65.0,2.7,52.5,458.0
337,Lunatone,8.0,Rock Psychic,3,Lunatone,90.0,55.0,65.0,95.0,85.0,70.0,1.0,168.0,460.0
338,Solrock,6.0,Rock Psychic,3,Solrock,90.0,95.0,85.0,55.0,65.0,70.0,1.2,154.0,460.0
339,Barboach,2.0,Water Ground,3,Barboach,50.0,48.0,43.0,46.0,41.0,60.0,0.4,1.9,288.0
340,Whiscash,23.0,Water Ground,3,Barboach,110.0,78.0,73.0,76.0,71.0,60.0,0.9,23.6,468.0
341,Corphish,16.0,Water,3,Corphish,43.0,80.0,65.0,50.0,35.0,35.0,0.6,11.5,308.0
342,Crawdaunt,30.0,Water Dark,3,Corphish,63.0,120.0,85.0,90.0,55.0,55.0,1.1,32.8,468.0
343,Baltoy,1.0,Ground Psychic,3,Baltoy,40.0,40.0,55.0,40.0,70.0,55.0,0.5,21.5,300.0
344,Claydol,19.0,Ground Psychic,3,Baltoy,60.0,70.0,105.0,70.0,120.0,75.0,1.5,108.0,500.0
345,Lileep,4.0,Rock Grass,3,Lileep,66.0,41.0,77.0,61.0,87.0,23.0,1.0,23.8,355.0
346,Cradily,46.0,Rock Grass,3,Lileep,86.0,81.0,97.0,81.0,107.0,43.0,1.5,60.4,495.0
347,Anorith,8.0,Rock Bug,3,Anorith,45.0,95.0,50.0,40.0,50.0,75.0,0.7,12.5,355.0
348,Armaldo,26.0,Rock Bug,3,Anorith,75.0,125.0,100.0,70.0,80.0,45.0,1.5,68.2,495.0
349,Feebas,6.0,Water,3,Feebas,20.0,15.0,20.0,10.0,55.0,80.0,0.6,7.4,200.0
350,Milotic,224.0,Water,3,Feebas,95.0,60.0,79.0,100.0,125.0,81.0,6.2,162.0,540.0
351,Castform,36.0,Normal Ice,3,Castform,70.0,70.0,70.0,70.0,70.0,70.0,0.3,0.8,420.0
352,Kecleon,28.0,Normal,3,Kecleon,60.0,90.0,70.0,60.0,120.0,40.0,1.0,22.0,440.0
353,Shuppet,12.0,Ghost,3,Shuppet,44.0,75.0,35.0,63.0,33.0,45.0,0.6,2.3,295.0
354,Banette,80.0,Ghost,3,Shuppet,64.0,165.0,75.0,93.0,83.0,75.0,1.1,12.5,555.0
355,Duskull,44.0,Ghost,3,Duskull,20.0,40.0,90.0,30.0,90.0,25.0,0.8,15.0,295.0
356,Dusclops,22.0,Ghost,3,Duskull,40.0,70.0,130.0,60.0,130.0,25.0,1.6,30.6,455.0
357,Tropius,118.0,Grass Flying,3,Tropius,99.0,68.0,83.0,72.0,87.0,51.0,2.0,100.0,460.0
358,Chimecho,25.0,Psychic,3,Chingling,75.0,50.0,80.0,95.0,90.0,65.0,0.6,1.0,455.0
359,Absol,542.0,Dark,3,Absol,65.0,150.0,60.0,115.0,60.0,115.0,1.2,47.0,565.0
360,Wynaut,7.0,Psychic,3,Wynaut,95.0,23.0,48.0,23.0,48.0,23.0,0.6,14.0,260.0
361,Snorunt,27.0,Ice,3,Snorunt,50.0,50.0,50.0,50.0,50.0,50.0,0.7,16.8,300.0
362,Glalie,34.0,Ice,3,Snorunt,80.0,120.0,80.0,120.0,80.0,100.0,1.5,256.5,580.0
363,Spheal,83.0,Ice Water,3,Spheal,70.0,40.0,50.0,55.0,50.0,25.0,0.8,39.5,290.0
364,Sealeo,3.0,Ice Water,3,Spheal,90.0,60.0,70.0,75.0,70.0,45.0,1.1,87.6,410.0
365,Walrein,33.0,Ice Water,3,Spheal,110.0,80.0,90.0,95.0,90.0,65.0,1.4,150.6,530.0
366,Clamperl,8.0,Water,3,Clamperl,35.0,64.0,85.0,74.0,55.0,32.0,0.4,52.5,345.0
367,Huntail,2.0,Water,3,Clamperl,55.0,104.0,105.0,94.0,75.0,52.0,1.7,27.0,485.0
368,Gorebyss,7.0,Water,3,Clamperl,55.0,84.0,105.0,114.0,75.0,52.0,1.8,22.6,485.0
369,Relicanth,32.0,Water Rock,3,Relicanth,100.0,90.0,130.0,45.0,65.0,55.0,1.0,23.4,485.0
370,Luvdisc,9.0,Water,3,Luvdisc,43.0,30.0,55.0,40.0,65.0,97.0,0.6,8.7,330.0
371,Bagon,17.0,Dragon,3,Bagon,45.0,75.0,60.0,40.0,30.0,50.0,0.6,42.1,300.0
372,Shelgon,5.0,Dragon,3,Bagon,65.0,95.0,100.0,60.0,50.0,50.0,1.1,110.5,420.0
373,Salamence,220.0,Dragon Flying,3,Bagon,95.0,145.0,130.0,120.0,90.0,120.0,1.5,102.6,700.0
374,Beldum,20.0,Steel Psychic,3,Beldum,40.0,55.0,80.0,35.0,60.0,30.0,0.6,95.2,300.0
375,Metang,8.0,Steel Psychic,3,Beldum,60.0,75.0,100.0,55.0,80.0,50.0,1.2,202.5,420.0
376,Metagross,395.0,Steel Psychic,3,Beldum,80.0,145.0,150.0,105.0,110.0,110.0,1.6,550.0,700.0
377,Regirock,6.0,Rock,3,Regirock,80.0,100.0,200.0,50.0,100.0,50.0,1.7,230.0,580.0
378,Regice,11.0,Ice,3,Regice,80.0,50.0,100.0,100.0,200.0,50.0,1.8,175.0,580.0
379,Registeel,16.0,Steel,3,Registeel,80.0,75.0,150.0,75.0,150.0,50.0,1.9,205.0,580.0
380,Latias,97.0,Dragon Psychic,3,Latias,80.0,100.0,120.0,140.0,150.0,110.0,1.4,40.0,700.0
381,Latios,68.0,Dragon Psychic,3,Latios,80.0,130.0,100.0,160.0,120.0,110.0,2.0,60.0,700.0
382,Kyogre,71.0,Water,3,Kyogre,100.0,150.0,90.0,180.0,160.0,90.0,4.5,352.0,770.0
383,Groudon,61.0,Ground,3,Groudon,100.0,180.0,160.0,150.0,90.0,90.0,3.5,950.0,770.0
384,Rayquaza,316.0,Dragon Flying,3,Rayquaza,105.0,180.0,100.0,180.0,100.0,115.0,7.0,206.5,780.0
385,Jirachi,123.0,Steel Psychic,3,Jirachi,100.0,100.0,100.0,100.0,100.0,100.0,0.3,1.1,600.0
386,Deoxys,75.0,Psychic Psychic,3,Deoxys,50.0,95.0,90.0,95.0,90.0,180.0,1.7,60.8,600.0
387,Turtwig,218.0,Grass,4,Turtwig,55.0,68.0,64.0,45.0,55.0,31.0,0.4,10.2,318.0
388,Grotle,11.0,Grass,4,Turtwig,75.0,89.0,85.0,55.0,65.0,36.0,1.1,97.0,405.0
389,Torterra,430.0,Grass Ground,4,Turtwig,95.0,109.0,105.0,75.0,85.0,56.0,2.2,310.0,525.0
390,Chimchar,70.0,Fire,4,Chimchar,44.0,58.0,44.0,58.0,44.0,61.0,0.5,6.2,309.0
391,Monferno,27.0,Fire Fighting,4,Chimchar,64.0,78.0,52.0,78.0,52.0,81.0,0.9,22.0,405.0
392,Infernape,443.0,Fire Fighting,4,Chimchar,76.0,104.0,71.0,104.0,71.0,108.0,1.2,55.0,534.0
393,Piplup,190.0,Water,4,Piplup,53.0,51.0,53.0,61.0,56.0,40.0,0.4,5.2,314.0
394,Prinplup,11.0,Water,4,Piplup,64.0,66.0,68.0,81.0,76.0,50.0,0.8,23.0,405.0
395,Empoleon,346.0,Water Steel,4,Piplup,84.0,86.0,88.0,111.0,101.0,60.0,1.7,84.5,530.0
396,Starly,14.0,Normal Flying,4,Starly,40.0,55.0,30.0,30.0,30.0,60.0,0.3,2.0,245.0
397,Staravia,7.0,Normal Flying,4,Starly,55.0,75.0,50.0,40.0,40.0,80.0,0.6,15.5,340.0
398,Staraptor,142.0,Normal Flying,4,Starly,85.0,120.0,70.0,50.0,60.0,100.0,1.2,24.9,485.0
399,Bidoof,81.0,Normal,4,Bidoof,59.0,45.0,40.0,35.0,40.0,31.0,0.5,20.0,250.0
400,Bibarel,8.0,Normal Water,4,Bidoof,79.0,85.0,60.0,55.0,60.0,71.0,1.0,31.5,410.0
401,Kricketot,9.0,Bug,4,Kricketot,37.0,25.0,41.0,25.0,41.0,25.0,0.3,2.2,194.0
402,Kricketune,14.0,Bug,4,Kricketot,77.0,85.0,51.0,55.0,51.0,65.0,1.0,25.5,384.0
403,Shinx,124.0,Electric,4,Shinx,45.0,65.0,34.0,40.0,34.0,45.0,0.5,9.5,263.0
404,Luxio,18.0,Electric,4,Shinx,60.0,85.0,49.0,60.0,49.0,60.0,0.9,30.5,363.0
405,Luxray,429.0,Electric,4,Shinx,80.0,120.0,79.0,95.0,79.0,70.0,1.4,42.0,523.0
406,Budew,7.0,Grass Poison,4,Budew,40.0,30.0,35.0,50.0,70.0,55.0,0.2,1.2,280.0
407,Roserade,86.0,Grass Poison,4,Budew,60.0,70.0,65.0,125.0,105.0,90.0,0.9,14.5,515.0
408,Cranidos,9.0,Rock,4,Cranidos,67.0,125.0,40.0,30.0,30.0,58.0,0.9,31.5,350.0
409,Rampardos,22.0,Rock,4,Cranidos,97.0,165.0,60.0,65.0,50.0,58.0,1.6,102.5,495.0
410,Shieldon,6.0,Rock Steel,4,Shieldon,30.0,42.0,118.0,42.0,88.0,30.0,0.5,57.0,350.0
411,Bastiodon,19.0,Rock Steel,4,Shieldon,60.0,52.0,168.0,47.0,138.0,30.0,1.3,149.5,495.0
412,Burmy,7.0,Bug Bug,4,Burmy,40.0,29.0,45.0,29.0,45.0,36.0,0.2,3.4,224.0
413,Wormadam,4.0,Bug Grass Bug Steel,4,Burmy,60.0,69.0,95.0,69.0,95.0,36.0,0.5,6.5,424.0
414,Mothim,7.0,Bug Flying,4,Burmy,70.0,94.0,50.0,94.0,50.0,66.0,0.9,23.3,424.0
415,Combee,14.0,Bug Flying,4,Combee,30.0,30.0,42.0,30.0,42.0,70.0,0.3,5.5,244.0
416,Vespiquen,26.0,Bug Flying,4,Combee,70.0,80.0,102.0,80.0,102.0,40.0,1.2,38.5,474.0
417,Pachirisu,40.0,Electric,4,Pachirisu,60.0,45.0,70.0,45.0,90.0,95.0,0.4,3.9,405.0
418,Buizel,90.0,Water,4,Buizel,55.0,65.0,35.0,60.0,30.0,85.0,0.7,29.5,330.0
419,Floatzel,42.0,Water,4,Buizel,85.0,105.0,55.0,85.0,50.0,115.0,1.1,33.5,495.0
420,Cherubi,8.0,Grass,4,Cherubi,45.0,35.0,45.0,62.0,53.0,35.0,0.4,3.3,275.0
421,Cherrim,23.0,Grass,4,Cherubi,70.0,60.0,70.0,87.0,78.0,85.0,0.5,9.3,450.0
422,Shellos,15.0,Water Water,4,Shellos,76.0,48.0,48.0,57.0,62.0,34.0,0.3,6.3,325.0
423,Gastrodon,47.0,Water Ground Water Ground,4,Shellos,111.0,83.0,68.0,92.0,82.0,39.0,0.9,29.9,475.0
424,Ambipom,31.0,Normal,4,Aipom,75.0,100.0,66.0,60.0,66.0,115.0,1.2,20.3,482.0
425,Drifloon,71.0,Ghost Flying,4,Drifloon,90.0,50.0,34.0,60.0,44.0,70.0,0.4,1.2,348.0
426,Drifblim,34.0,Ghost Flying,4,Drifloon,150.0,80.0,44.0,90.0,54.0,80.0,1.2,15.0,498.0
427,Buneary,16.0,Normal,4,Buneary,55.0,66.0,44.0,44.0,56.0,85.0,0.4,5.5,350.0
428,Lopunny,81.0,Normal Fighting,4,Buneary,65.0,136.0,94.0,54.0,96.0,135.0,1.2,33.3,580.0
429,Mismagius,80.0,Ghost,4,Misdreavus,60.0,60.0,60.0,105.0,105.0,105.0,0.9,4.4,495.0
430,Honchkrow,74.0,Dark Flying,4,Murkrow,100.0,125.0,52.0,105.0,52.0,71.0,0.9,27.3,505.0
431,Glameow,3.0,Normal,4,Glameow,49.0,55.0,42.0,42.0,37.0,85.0,0.5,3.9,310.0
432,Purugly,10.0,Normal,4,Glameow,71.0,82.0,64.0,64.0,59.0,112.0,1.0,43.8,452.0
433,Chingling,6.0,Psychic,4,Chingling,45.0,30.0,50.0,65.0,50.0,45.0,0.2,0.6,285.0
434,Stunky,6.0,Poison Dark,4,Stunky,63.0,63.0,47.0,41.0,41.0,74.0,0.4,19.2,329.0
435,Skuntank,15.0,Poison Dark,4,Stunky,103.0,93.0,67.0,71.0,61.0,84.0,1.0,38.0,479.0
436,Bronzor,6.0,Steel Psychic,4,Bronzor,57.0,24.0,86.0,24.0,86.0,23.0,0.5,60.5,300.0
437,Bronzong,21.0,Steel Psychic,4,Bronzor,67.0,89.0,116.0,79.0,116.0,33.0,1.3,187.0,500.0
438,Bonsly,7.0,Rock,4,Bonsly,50.0,80.0,95.0,10.0,45.0,10.0,0.5,15.0,290.0
439,Mime-Jr,9.0,Psychic Fairy,4,Mime-Jr,20.0,25.0,45.0,70.0,90.0,60.0,0.6,13.0,310.0
440,Happiny,5.0,Normal,4,Happiny,100.0,5.0,5.0,15.0,65.0,30.0,0.6,24.4,220.0
441,Chatot,31.0,Normal Flying,4,Chatot,76.0,65.0,45.0,92.0,42.0,91.0,0.5,1.9,411.0
442,Spiritomb,35.0,Ghost Dark,4,Spiritomb,50.0,92.0,108.0,92.0,108.0,35.0,1.0,108.0,485.0
443,Gible,35.0,Dragon Ground,4,Gible,58.0,70.0,45.0,40.0,45.0,42.0,0.7,20.5,300.0
444,Gabite,9.0,Dragon Ground,4,Gible,68.0,90.0,65.0,50.0,55.0,82.0,1.4,56.0,410.0
445,Garchomp,404.0,Dragon Ground,4,Gible,108.0,170.0,115.0,120.0,95.0,92.0,1.9,95.0,700.0
446,Munchlax,50.0,Normal,4,Munchlax,135.0,85.0,40.0,40.0,85.0,5.0,0.6,105.0,390.0
447,Riolu,64.0,Fighting,4,Riolu,40.0,70.0,40.0,35.0,40.0,60.0,0.7,20.2,285.0
448,Lucario,604.0,Fighting Steel,4,Riolu,70.0,145.0,88.0,140.0,70.0,112.0,1.2,54.0,625.0
449,Hippopotas,6.0,Ground,4,Hippopotas,68.0,72.0,78.0,38.0,42.0,32.0,0.8,49.5,330.0
450,Hippowdon,12.0,Ground,4,Hippopotas,108.0,112.0,118.0,68.0,72.0,47.0,2.0,300.0,525.0
451,Skorupi,1.0,Poison Bug,4,Skorupi,40.0,50.0,90.0,30.0,55.0,65.0,0.8,12.0,330.0
452,Drapion,42.0,Poison Dark,4,Skorupi,70.0,90.0,110.0,60.0,75.0,95.0,1.3,61.5,500.0
453,Croagunk,48.0,Poison Fighting,4,Croagunk,48.0,61.0,40.0,61.0,40.0,50.0,0.7,23.0,300.0
454,Toxicroak,82.0,Poison Fighting,4,Croagunk,83.0,106.0,65.0,86.0,65.0,85.0,1.3,44.4,490.0
455,Carnivine,12.0,Grass,4,Carnivine,74.0,100.0,72.0,90.0,72.0,46.0,1.4,27.0,454.0
456,Finneon,8.0,Water,4,Finneon,49.0,49.0,56.0,49.0,61.0,66.0,0.4,7.0,330.0
457,Lumineon,12.0,Water,4,Finneon,69.0,69.0,76.0,69.0,86.0,91.0,1.2,24.0,460.0
458,Mantyke,10.0,Water Flying,4,Mantyke,45.0,20.0,50.0,60.0,120.0,50.0,1.0,65.0,345.0
459,Snover,10.0,Grass Ice,4,Snover,60.0,62.0,50.0,62.0,60.0,40.0,1.0,50.5,334.0
460,Abomasnow,25.0,Grass Ice,4,Snover,90.0,132.0,105.0,132.0,105.0,30.0,2.2,135.5,594.0
461,Weavile,185.0,Dark Ice,4,Sneasel,70.0,120.0,65.0,45.0,85.0,125.0,1.1,34.0,510.0
462,Magnezone,55.0,Electric Steel,4,Magnemite,70.0,70.0,115.0,130.0,90.0,60.0,1.2,180.0,535.0
463,Lickilicky,19.0,Normal,4,Lickitung,110.0,85.0,95.0,80.0,95.0,50.0,1.7,140.0,515.0
464,Rhyperior,20.0,Ground Rock,4,Rhyhorn,115.0,140.0,130.0,55.0,55.0,40.0,2.4,282.8,535.0
465,Tangrowth,19.0,Grass,4,Tangela,100.0,100.0,125.0,110.0,50.0,50.0,2.0,128.6,535.0
466,Electivire,113.0,Electric,4,Elekid,75.0,123.0,67.0,95.0,85.0,95.0,1.8,138.6,540.0
467,Magmortar,26.0,Fire,4,Magby,75.0,95.0,67.0,125.0,95.0,83.0,1.6,68.0,540.0
468,Togekiss,164.0,Fairy Flying,4,Togepi,85.0,50.0,95.0,120.0,115.0,80.0,1.5,38.0,545.0
469,Yanmega,39.0,Bug Flying,4,Yanma,86.0,76.0,86.0,116.0,56.0,95.0,1.9,51.5,515.0
470,Leafeon,127.0,Grass,4,Eevee,65.0,110.0,130.0,60.0,65.0,95.0,1.0,25.5,525.0
471,Glaceon,180.0,Ice,4,Eevee,65.0,60.0,110.0,130.0,95.0,65.0,0.8,25.9,525.0
472,Gliscor,132.0,Ground Flying,4,Gligar,75.0,95.0,125.0,45.0,75.0,95.0,2.0,42.5,510.0
473,Mamoswine,69.0,Ice Ground,4,Swinub,110.0,130.0,80.0,70.0,60.0,80.0,2.5,291.0,530.0
474,Porygon-Z,148.0,Normal,4,Porygon,85.0,80.0,70.0,135.0,75.0,90.0,0.9,34.0,535.0
475,Gallade,239.0,Psychic Fighting,4,Ralts,68.0,165.0,95.0,65.0,115.0,110.0,1.6,52.0,618.0
476,Probopass,16.0,Rock Steel,4,Nosepass,60.0,55.0,145.0,75.0,150.0,40.0,1.4,340.0,525.0
477,Dusknoir,42.0,Ghost,4,Duskull,45.0,100.0,135.0,65.0,135.0,45.0,2.2,106.6,525.0
478,Froslass,143.0,Ice Ghost,4,Snorunt,70.0,80.0,70.0,80.0,70.0,110.0,1.3,26.6,480.0
479,Rotom,65.0,Electric Ghost Electric Grass,4,Rotom,50.0,65.0,107.0,105.0,107.0,86.0,0.3,0.3,520.0
480,Uxie,3.0,Psychic,4,Uxie,75.0,75.0,130.0,75.0,130.0,95.0,0.3,0.3,580.0
481,Mesprit,5.0,Psychic,4,Mesprit,80.0,105.0,105.0,105.0,105.0,80.0,0.3,0.3,580.0
482,Azelf,13.0,Psychic,4,Azelf,75.0,125.0,70.0,125.0,70.0,115.0,0.3,0.3,580.0
483,Dialga,73.0,Steel Dragon,4,Dialga,100.0,120.0,120.0,150.0,100.0,90.0,5.4,683.0,680.0
484,Palkia,34.0,Water Dragon,4,Palkia,90.0,120.0,100.0,150.0,120.0,100.0,4.2,336.0,680.0
485,Heatran,7.0,Fire Steel,4,Heatran,91.0,90.0,106.0,130.0,106.0,77.0,1.7,430.0,600.0
486,Regigigas,29.0,Normal,4,Regigigas,110.0,160.0,110.0,80.0,110.0,100.0,3.7,420.0,670.0
487,Giratina,157.0,Ghost Dragon Ghost Dragon,4,Giratina,150.0,120.0,100.0,120.0,100.0,90.0,4.5,750.0,680.0
488,Cresselia,9.0,Psychic,4,Cresselia,120.0,70.0,120.0,75.0,130.0,85.0,1.5,85.6,600.0
489,Phione,2.0,Water,4,Phione,80.0,80.0,80.0,80.0,80.0,80.0,0.4,3.1,480.0
490,Manaphy,27.0,Water,4,Manaphy,100.0,100.0,100.0,100.0,100.0,100.0,0.3,1.4,600.0
491,Darkrai,185.0,Dark,4,Darkrai,70.0,90.0,90.0,135.0,90.0,125.0,1.5,50.5,600.0
492,Shaymin,112.0,Grass Grass Flying,4,Shaymin,100.0,103.0,75.0,120.0,75.0,127.0,0.2,2.1,600.0
493,Arceus,35.0,Normal,4,Arceus,120.0,120.0,120.0,120.0,120.0,120.0,3.2,320.0,720.0
494,Victini,91.0,Psychic Fire,5,Victini,100.0,100.0,100.0,100.0,100.0,100.0,0.4,4.0,600.0
495,Snivy,62.0,Grass,5,Snivy,45.0,45.0,55.0,45.0,55.0,63.0,0.6,8.1,308.0
496,Servine,6.0,Grass,5,Snivy,60.0,60.0,75.0,60.0,75.0,83.0,0.8,16.0,413.0
497,Serperior,106.0,Grass,5,Snivy,75.0,75.0,95.0,75.0,95.0,113.0,3.3,63.0,528.0
498,Tepig,31.0,Fire,5,Tepig,65.0,63.0,45.0,45.0,45.0,45.0,0.5,9.9,308.0
499,Pignite,7.0,Fire Fighting,5,Tepig,90.0,93.0,55.0,70.0,55.0,55.0,1.0,55.5,418.0
500,Emboar,38.0,Fire Fighting,5,Tepig,110.0,123.0,65.0,100.0,65.0,65.0,1.6,150.0,528.0
501,Oshawott,83.0,Water,5,Oshawott,55.0,55.0,45.0,63.0,45.0,45.0,0.5,5.9,308.0
502,Dewott,51.0,Water,5,Oshawott,75.0,75.0,60.0,83.0,60.0,60.0,0.8,24.5,413.0
503,Samurott,68.0,Water,5,Oshawott,95.0,100.0,85.0,108.0,70.0,70.0,1.5,94.6,528.0
504,Patrat,1.0,Normal,5,Patrat,45.0,55.0,39.0,35.0,39.0,42.0,0.5,11.6,255.0
505,Watchog,4.0,Normal,5,Patrat,60.0,85.0,69.0,60.0,69.0,77.0,1.1,27.0,420.0
506,Lillipup,4.0,Normal,5,Lillipup,45.0,60.0,45.0,25.0,45.0,55.0,0.4,4.1,275.0
507,Herdier,7.0,Normal,5,Lillipup,65.0,80.0,65.0,35.0,65.0,60.0,0.9,14.7,370.0
508,Stoutland,27.0,Normal,5,Lillipup,85.0,110.0,90.0,45.0,90.0,80.0,1.2,61.0,500.0
509,Purrloin,3.0,Dark,5,Purrloin,41.0,50.0,37.0,50.0,37.0,66.0,0.4,10.1,281.0
510,Liepard,10.0,Dark,5,Purrloin,64.0,88.0,50.0,88.0,50.0,106.0,1.1,37.5,446.0
511,Pansage,6.0,Grass,5,Pansage,50.0,53.0,48.0,53.0,48.0,64.0,0.6,10.5,316.0
512,Simisage,5.0,Grass,5,Pansage,75.0,98.0,63.0,98.0,63.0,101.0,1.1,30.5,498.0
513,Pansear,2.0,Fire,5,Pansear,50.0,53.0,48.0,53.0,48.0,64.0,0.6,11.0,316.0
514,Simisear,8.0,Fire,5,Pansear,75.0,98.0,63.0,98.0,63.0,101.0,1.0,28.0,498.0
515,Panpour,2.0,Water,5,Panpour,50.0,53.0,48.0,53.0,48.0,64.0,0.6,13.5,316.0
516,Simipour,4.0,Water,5,Panpour,75.0,98.0,63.0,98.0,63.0,101.0,1.0,29.0,498.0
517,Munna,4.0,Psychic,5,Munna,76.0,25.0,45.0,67.0,55.0,24.0,0.6,23.3,292.0
518,Musharna,7.0,Psychic,5,Munna,116.0,55.0,85.0,107.0,95.0,29.0,1.1,60.5,487.0
519,Pidove,7.0,Normal Flying,5,Pidove,50.0,55.0,50.0,36.0,30.0,43.0,0.3,2.1,264.0
520,Tranquill,4.0,Normal Flying,5,Pidove,62.0,77.0,62.0,50.0,42.0,65.0,0.6,15.0,358.0
521,Unfezant,5.0,Normal Flying Normal Flying,5,Pidove,80.0,115.0,80.0,65.0,55.0,93.0,1.2,29.0,488.0
522,Blitzle,4.0,Electric,5,Blitzle,45.0,60.0,32.0,50.0,32.0,76.0,0.8,29.8,295.0
523,Zebstrika,23.0,Electric,5,Blitzle,75.0,100.0,63.0,80.0,63.0,116.0,1.6,79.5,497.0
524,Roggenrola,4.0,Rock,5,Roggenrola,55.0,75.0,85.0,25.0,25.0,15.0,0.4,18.0,280.0
525,Boldore,6.0,Rock,5,Roggenrola,70.0,105.0,105.0,50.0,40.0,20.0,0.9,102.0,390.0
526,Gigalith,17.0,Rock,5,Roggenrola,85.0,135.0,130.0,60.0,80.0,25.0,1.7,260.0,515.0
527,Woobat,10.0,Psychic Flying,5,Woobat,65.0,45.0,43.0,55.0,43.0,72.0,0.4,2.1,323.0
528,Swoobat,12.0,Psychic Flying,5,Woobat,67.0,57.0,55.0,77.0,55.0,114.0,0.9,10.5,425.0
529,Drilbur,5.0,Ground,5,Drilbur,60.0,85.0,40.0,30.0,45.0,68.0,0.3,8.5,328.0
530,Excadrill,41.0,Ground Steel,5,Drilbur,110.0,135.0,60.0,50.0,65.0,88.0,0.7,40.4,508.0
531,Audino,34.0,Normal Fairy,5,Audino,103.0,60.0,126.0,80.0,126.0,50.0,1.1,31.0,545.0
532,Timburr,3.0,Fighting,5,Timburr,75.0,80.0,55.0,25.0,35.0,35.0,0.6,12.5,305.0
533,Gurdurr,3.0,Fighting,5,Timburr,85.0,105.0,85.0,40.0,50.0,40.0,1.2,40.0,405.0
534,Conkeldurr,15.0,Fighting,5,Timburr,105.0,140.0,95.0,55.0,65.0,45.0,1.4,87.0,505.0
535,Tympole,6.0,Water,5,Tympole,50.0,50.0,40.0,50.0,40.0,64.0,0.5,4.5,294.0
536,Palpitoad,4.0,Water Ground,5,Tympole,75.0,65.0,55.0,65.0,55.0,69.0,0.8,17.0,384.0
537,Seismitoad,8.0,Water Ground,5,Tympole,105.0,95.0,75.0,85.0,75.0,74.0,1.5,62.0,509.0
538,Throh,9.0,Fighting,5,Throh,120.0,100.0,85.0,30.0,85.0,45.0,1.3,55.5,465.0
539,Sawk,7.0,Fighting,5,Sawk,75.0,125.0,75.0,30.0,75.0,85.0,1.4,51.0,465.0
540,Sewaddle,1.0,Bug Grass,5,Sewaddle,45.0,53.0,70.0,40.0,60.0,42.0,0.3,2.5,310.0
541,Swadloon,11.0,Bug Grass,5,Sewaddle,55.0,63.0,90.0,50.0,80.0,42.0,0.5,7.3,380.0
542,Leavanny,20.0,Bug Grass,5,Sewaddle,75.0,103.0,80.0,70.0,80.0,92.0,1.2,20.5,500.0
543,Venipede,2.0,Bug Poison,5,Venipede,30.0,45.0,59.0,30.0,39.0,57.0,0.4,5.3,260.0
544,Whirlipede,5.0,Bug Poison,5,Venipede,40.0,55.0,99.0,40.0,79.0,47.0,1.2,58.5,360.0
545,Scolipede,80.0,Bug Poison,5,Venipede,60.0,100.0,89.0,55.0,69.0,112.0,2.5,200.5,485.0
546,Cottonee,2.0,Grass Fairy,5,Cottonee,40.0,27.0,60.0,37.0,50.0,66.0,0.3,0.6,280.0
547,Whimsicott,139.0,Grass Fairy,5,Cottonee,60.0,67.0,85.0,77.0,75.0,116.0,0.7,6.6,480.0
548,Petilil,7.0,Grass,5,Petilil,45.0,35.0,50.0,70.0,50.0,30.0,0.5,6.6,280.0
549,Lilligant,94.0,Grass,5,Petilil,70.0,60.0,75.0,110.0,75.0,90.0,1.1,16.3,480.0
550,Basculin,5.0,Water Water,5,Basculin,70.0,92.0,65.0,80.0,55.0,98.0,1.0,18.0,460.0
551,Sandile,16.0,Ground Dark,5,Sandile,50.0,72.0,35.0,35.0,35.0,65.0,0.7,15.2,292.0
552,Krokorok,10.0,Ground Dark,5,Sandile,60.0,82.0,45.0,45.0,45.0,74.0,1.0,33.4,351.0
553,Krookodile,95.0,Ground Dark,5,Sandile,95.0,117.0,80.0,65.0,70.0,92.0,1.5,96.3,519.0
554,Darumaka,10.0,Fire,5,Darumaka,70.0,90.0,45.0,15.0,45.0,50.0,0.6,37.5,315.0
555,Darmanitan,32.0,Fire Fire Psychic,5,Darumaka,105.0,30.0,105.0,140.0,105.0,55.0,1.3,92.9,540.0
556,Maractus,57.0,Grass,5,Maractus,75.0,86.0,67.0,106.0,67.0,60.0,1.0,28.0,461.0
557,Dwebble,7.0,Bug Rock,5,Dwebble,50.0,65.0,85.0,35.0,35.0,55.0,0.3,14.5,325.0
558,Crustle,21.0,Bug Rock,5,Dwebble,70.0,105.0,125.0,65.0,75.0,45.0,1.4,200.0,485.0
559,Scraggy,44.0,Dark Fighting,5,Scraggy,50.0,75.0,70.0,35.0,70.0,48.0,0.6,11.8,348.0
560,Scrafty,80.0,Dark Fighting,5,Scraggy,65.0,90.0,115.0,45.0,115.0,58.0,1.1,30.0,488.0
561,Sigilyph,44.0,Psychic Flying,5,Sigilyph,72.0,58.0,80.0,103.0,80.0,97.0,1.4,14.0,490.0
562,Yamask,4.0,Ghost,5,Yamask,38.0,30.0,85.0,55.0,65.0,30.0,0.5,1.5,303.0
563,Cofagrigus,37.0,Ghost,5,Yamask,58.0,50.0,145.0,95.0,105.0,30.0,1.7,76.5,483.0
564,Tirtouga,4.0,Water Rock,5,Tirtouga,54.0,78.0,103.0,53.0,45.0,22.0,0.7,16.5,355.0
565,Carracosta,20.0,Water Rock,5,Tirtouga,74.0,108.0,133.0,83.0,65.0,32.0,1.2,81.0,495.0
566,Archen,10.0,Rock Flying,5,Archen,55.0,112.0,45.0,74.0,45.0,70.0,0.5,9.5,401.0
567,Archeops,46.0,Rock Flying,5,Archen,75.0,140.0,65.0,112.0,65.0,110.0,1.4,32.0,567.0
568,Trubbish,51.0,Poison,5,Trubbish,50.0,50.0,62.0,40.0,62.0,65.0,0.6,31.0,329.0
569,Garbodor,30.0,Poison,5,Trubbish,80.0,95.0,82.0,60.0,82.0,75.0,1.9,107.3,474.0
570,Zorua,82.0,Dark,5,Zorua,40.0,65.0,40.0,80.0,40.0,65.0,0.7,12.5,330.0
571,Zoroark,159.0,Dark,5,Zorua,60.0,105.0,60.0,120.0,60.0,105.0,1.6,81.1,510.0
572,Minccino,23.0,Normal,5,Minccino,55.0,50.0,40.0,40.0,40.0,75.0,0.4,5.8,300.0
573,Cinccino,40.0,Normal,5,Minccino,75.0,95.0,60.0,65.0,60.0,115.0,0.5,7.5,470.0
574,Gothita,0.0,Psychic,5,Gothita,45.0,30.0,50.0,55.0,65.0,45.0,0.4,5.8,290.0
575,Gothorita,5.0,Psychic,5,Gothita,60.0,45.0,70.0,75.0,85.0,55.0,0.7,18.0,390.0
576,Gothitelle,16.0,Psychic,5,Gothita,70.0,55.0,95.0,95.0,110.0,65.0,1.5,44.0,490.0
577,Solosis,8.0,Psychic,5,Solosis,45.0,30.0,40.0,105.0,50.0,20.0,0.3,1.0,290.0
578,Duosion,2.0,Psychic,5,Solosis,65.0,40.0,50.0,125.0,60.0,30.0,0.6,8.0,370.0
579,Reuniclus,112.0,Psychic,5,Solosis,110.0,65.0,75.0,125.0,85.0,30.0,1.0,20.1,490.0
580,Ducklett,10.0,Water Flying,5,Ducklett,62.0,44.0,50.0,44.0,50.0,55.0,0.5,5.5,305.0
581,Swanna,5.0,Water Flying,5,Ducklett,75.0,87.0,63.0,87.0,63.0,98.0,1.3,24.2,473.0
582,Vanillite,13.0,Ice,5,Vanillite,36.0,50.0,50.0,65.0,60.0,44.0,0.4,5.7,305.0
583,Vanillish,6.0,Ice,5,Vanillite,51.0,65.0,65.0,80.0,75.0,59.0,1.1,41.0,395.0
584,Vanilluxe,29.0,Ice,5,Vanillite,71.0,95.0,85.0,110.0,95.0,79.0,1.3,57.5,535.0
585,Deerling,5.0,Normal Grass,5,Deerling,60.0,60.0,50.0,40.0,50.0,75.0,0.6,19.5,335.0
586,Sawsbuck,32.0,Normal Grass,5,Deerling,80.0,100.0,70.0,60.0,70.0,95.0,1.9,92.5,475.0
587,Emolga,46.0,Electric Flying,5,Emolga,55.0,75.0,60.0,75.0,60.0,103.0,0.4,5.0,428.0
588,Karrablast,2.0,Bug,5,Karrablast,50.0,75.0,45.0,40.0,45.0,60.0,0.5,5.9,315.0
589,Escavalier,25.0,Bug Steel,5,Karrablast,70.0,135.0,105.0,60.0,105.0,20.0,1.0,33.0,495.0
590,Foongus,5.0,Grass Poison,5,Foongus,69.0,55.0,45.0,55.0,55.0,15.0,0.2,1.0,294.0
591,Amoonguss,4.0,Grass Poison,5,Foongus,114.0,85.0,70.0,85.0,80.0,30.0,0.6,10.5,464.0
592,Frillish,2.0,Water Ghost Water Ghost,5,Frillish,55.0,40.0,50.0,65.0,85.0,40.0,1.2,33.0,335.0
593,Jellicent,23.0,Water Ghost Water Ghost,5,Frillish,100.0,60.0,70.0,85.0,105.0,60.0,2.2,135.0,480.0
594,Alomomola,1.0,Water,5,Alomomola,165.0,75.0,80.0,40.0,45.0,65.0,1.2,31.6,470.0
595,Joltik,79.0,Bug Electric,5,Joltik,50.0,47.0,50.0,57.0,50.0,65.0,0.1,0.6,319.0
596,Galvantula,117.0,Bug Electric,5,Joltik,70.0,77.0,60.0,97.0,60.0,108.0,0.8,14.3,472.0
597,Ferroseed,3.0,Grass Steel,5,Ferroseed,44.0,50.0,91.0,24.0,86.0,10.0,0.6,18.8,305.0
598,Ferrothorn,39.0,Grass Steel,5,Ferroseed,74.0,94.0,131.0,54.0,116.0,20.0,1.0,110.0,489.0
599,Klink,5.0,Steel,5,Klink,40.0,55.0,70.0,45.0,60.0,30.0,0.3,21.0,300.0
600,Klang,4.0,Steel,5,Klink,60.0,80.0,95.0,70.0,85.0,50.0,0.6,51.0,440.0
601,Klinklang,32.0,Steel,5,Klink,60.0,100.0,115.0,70.0,85.0,90.0,0.6,81.0,520.0
602,Tynamo,6.0,Electric,5,Tynamo,35.0,55.0,40.0,45.0,40.0,60.0,0.2,0.3,275.0
603,Eelektrik,0.0,Electric,5,Tynamo,65.0,85.0,70.0,75.0,70.0,40.0,1.2,22.0,405.0
604,Eelektross,49.0,Electric,5,Tynamo,85.0,115.0,80.0,105.0,80.0,50.0,2.1,80.5,515.0
605,Elgyem,12.0,Psychic,5,Elgyem,55.0,55.0,55.0,85.0,55.0,30.0,0.5,9.0,335.0
606,Beheeyem,20.0,Psychic,5,Elgyem,75.0,75.0,75.0,125.0,95.0,40.0,1.0,34.5,485.0
607,Litwick,60.0,Ghost Fire,5,Litwick,50.0,30.0,55.0,65.0,55.0,20.0,0.3,3.1,275.0
608,Lampent,12.0,Ghost Fire,5,Litwick,60.0,40.0,60.0,95.0,60.0,55.0,0.6,13.0,370.0
609,Chandelure,222.0,Ghost Fire,5,Litwick,60.0,55.0,90.0,145.0,90.0,80.0,1.0,34.3,520.0
610,Axew,17.0,Dragon,5,Axew,46.0,87.0,60.0,30.0,40.0,57.0,0.6,18.0,320.0
611,Fraxure,6.0,Dragon,5,Axew,66.0,117.0,70.0,40.0,50.0,67.0,1.0,36.0,410.0
612,Haxorus,115.0,Dragon,5,Axew,76.0,147.0,90.0,60.0,70.0,97.0,1.8,105.5,540.0
613,Cubchoo,8.0,Ice,5,Cubchoo,55.0,70.0,40.0,60.0,40.0,40.0,0.5,8.5,305.0
614,Beartic,10.0,Ice,5,Cubchoo,95.0,130.0,80.0,70.0,80.0,50.0,2.6,260.0,505.0
615,Cryogonal,16.0,Ice,5,Cryogonal,80.0,50.0,50.0,95.0,135.0,105.0,1.1,148.0,515.0
616,Shelmet,2.0,Bug,5,Shelmet,50.0,40.0,85.0,40.0,65.0,25.0,0.4,7.7,305.0
617,Accelgor,16.0,Bug,5,Shelmet,80.0,70.0,40.0,100.0,60.0,145.0,0.8,25.3,495.0
618,Stunfisk,27.0,Ground Electric,5,Stunfisk,109.0,66.0,84.0,81.0,99.0,32.0,0.7,11.0,471.0
619,Mienfoo,3.0,Fighting,5,Mienfoo,45.0,85.0,50.0,55.0,50.0,65.0,0.9,20.0,350.0
620,Mienshao,29.0,Fighting,5,Mienfoo,65.0,125.0,60.0,95.0,60.0,105.0,1.4,35.5,510.0
621,Druddigon,17.0,Dragon,5,Druddigon,77.0,120.0,90.0,60.0,90.0,48.0,1.6,139.0,485.0
622,Golett,8.0,Ground Ghost,5,Golett,59.0,74.0,50.0,35.0,50.0,35.0,1.0,92.0,303.0
623,Golurk,87.0,Ground Ghost,5,Golett,89.0,124.0,80.0,55.0,80.0,55.0,2.8,330.0,483.0
624,Pawniard,6.0,Dark Steel,5,Pawniard,45.0,85.0,70.0,40.0,40.0,60.0,0.5,10.2,340.0
625,Bisharp,93.0,Dark Steel,5,Pawniard,65.0,125.0,100.0,60.0,70.0,70.0,1.6,70.0,490.0
626,Bouffalant,5.0,Normal,5,Bouffalant,95.0,110.0,95.0,40.0,95.0,55.0,1.6,94.6,490.0
627,Rufflet,5.0,Normal Flying,5,Rufflet,70.0,83.0,50.0,37.0,50.0,60.0,0.5,10.5,350.0
628,Braviary,33.0,Normal Flying,5,Rufflet,100.0,123.0,75.0,57.0,75.0,80.0,1.5,41.0,510.0
629,Vullaby,3.0,Dark Flying,5,Vullaby,70.0,55.0,75.0,45.0,65.0,60.0,0.5,9.0,370.0
630,Mandibuzz,13.0,Dark Flying,5,Vullaby,110.0,65.0,105.0,55.0,95.0,80.0,1.2,39.5,510.0
631,Heatmor,6.0,Fire,5,Heatmor,85.0,97.0,66.0,105.0,66.0,65.0,1.4,58.0,484.0
632,Durant,13.0,Bug Steel,5,Durant,58.0,109.0,112.0,48.0,48.0,109.0,0.3,33.0,484.0
633,Deino,13.0,Dark Dragon,5,Deino,52.0,65.0,50.0,45.0,50.0,38.0,0.8,17.3,300.0
634,Zweilous,4.0,Dark Dragon,5,Deino,72.0,85.0,70.0,65.0,70.0,58.0,1.4,50.0,420.0
635,Hydreigon,166.0,Dark Dragon,5,Deino,92.0,105.0,90.0,125.0,90.0,98.0,1.8,160.0,600.0
636,Larvesta,19.0,Bug Fire,5,Larvesta,55.0,85.0,55.0,50.0,55.0,60.0,1.1,28.8,360.0
637,Volcarona,290.0,Bug Fire,5,Larvesta,85.0,60.0,65.0,135.0,105.0,100.0,1.6,46.0,550.0
638,Cobalion,7.0,Steel Fighting,5,Cobalion,91.0,90.0,129.0,90.0,72.0,108.0,2.1,250.0,580.0
639,Terrakion,3.0,Rock Fighting,5,Terrakion,91.0,129.0,90.0,72.0,90.0,108.0,1.9,260.0,580.0
640,Virizion,4.0,Grass Fighting,5,Virizion,91.0,90.0,72.0,90.0,129.0,108.0,2.0,200.0,580.0
641,Tornadus,2.0,Flying,5,Tornadus,79.0,100.0,80.0,110.0,90.0,121.0,1.5,63.0,580.0
642,Thundurus,4.0,Electric Flying,5,Thundurus,79.0,105.0,70.0,145.0,80.0,101.0,1.5,61.0,580.0
643,Reshiram,38.0,Dragon Fire,5,Reshiram,100.0,120.0,100.0,150.0,120.0,90.0,3.2,330.0,680.0
644,Zekrom,39.0,Dragon Electric,5,Zekrom,100.0,150.0,120.0,120.0,100.0,90.0,2.9,345.0,680.0
645,Landorus,2.0,Ground Flying,5,Landorus,89.0,145.0,90.0,105.0,80.0,91.0,1.5,68.0,600.0
646,Kyurem,21.0,Dragon Ice,5,Kyurem,125.0,120.0,90.0,170.0,100.0,95.0,3.0,325.0,700.0
647,Keldeo,14.0,Water Fighting,5,Keldeo,91.0,72.0,90.0,129.0,90.0,108.0,1.4,48.5,580.0
648,Meloetta,36.0,Normal Psychic Normal Fighting,5,Meloetta,100.0,128.0,90.0,77.0,77.0,128.0,0.6,6.5,600.0
649,Genesect,28.0,Bug Steel,5,Genesect,71.0,120.0,95.0,120.0,95.0,99.0,1.5,82.5,600.0
650,Chespin,29.0,Grass,6,Chespin,56.0,61.0,65.0,48.0,45.0,38.0,0.4,9.0,313.0
651,Quilladin,3.0,Grass,6,Chespin,61.0,78.0,95.0,56.0,58.0,57.0,0.7,29.0,405.0
652,Chesnaught,20.0,Grass Fighting,6,Chespin,88.0,107.0,122.0,74.0,75.0,64.0,1.6,90.0,530.0
653,Fennekin,23.0,Fire,6,Fennekin,40.0,45.0,40.0,62.0,60.0,60.0,0.4,9.4,307.0
654,Braixen,46.0,Fire,6,Fennekin,59.0,59.0,58.0,90.0,70.0,73.0,1.0,14.5,409.0
655,Delphox,41.0,Fire Psychic,6,Fennekin,75.0,69.0,72.0,114.0,100.0,104.0,1.5,39.0,534.0
656,Froakie,11.0,Water,6,Froakie,41.0,56.0,40.0,62.0,44.0,71.0,0.3,7.0,314.0
657,Frogadier,3.0,Water,6,Froakie,54.0,63.0,52.0,83.0,56.0,97.0,0.6,10.9,405.0
658,Greninja,219.0,Water Dark,6,Froakie,72.0,145.0,67.0,153.0,71.0,132.0,1.5,40.0,640.0
659,Bunnelby,2.0,Normal,6,Bunnelby,38.0,36.0,38.0,32.0,36.0,57.0,0.4,5.0,237.0
660,Diggersby,4.0,Normal Ground,6,Bunnelby,85.0,56.0,77.0,50.0,77.0,78.0,1.0,42.4,423.0
661,Fletchling,6.0,Normal Flying,6,Fletchling,45.0,50.0,43.0,40.0,38.0,62.0,0.3,1.7,278.0
662,Fletchinder,9.0,Fire Flying,6,Fletchling,62.0,73.0,55.0,56.0,52.0,84.0,0.7,16.0,382.0
663,Talonflame,31.0,Fire Flying,6,Fletchling,78.0,81.0,71.0,74.0,69.0,126.0,1.2,24.5,499.0
664,Scatterbug,2.0,Bug,6,Scatterbug,38.0,35.0,40.0,27.0,25.0,35.0,0.3,2.5,200.0
665,Spewpa,6.0,Bug,6,Scatterbug,45.0,22.0,60.0,27.0,30.0,29.0,0.3,8.4,213.0
666,Vivillon,11.0,Bug Flying,6,Scatterbug,80.0,52.0,50.0,90.0,50.0,89.0,1.2,17.0,411.0
667,Litleo,4.0,Fire Normal,6,Litleo,62.0,50.0,58.0,73.0,54.0,72.0,0.6,13.5,369.0
668,Pyroar,19.0,Fire Normal,6,Litleo,86.0,68.0,72.0,109.0,66.0,106.0,1.5,81.5,507.0
669,Flabebe,4.0,Fairy,6,Flabebe,44.0,38.0,39.0,61.0,79.0,42.0,0.1,0.1,303.0
670,Floette,5.0,Fairy,6,Flabebe,74.0,65.0,67.0,125.0,128.0,92.0,0.2,0.9,551.0
671,Florges,5.0,Fairy,6,Flabebe,78.0,65.0,68.0,112.0,154.0,75.0,1.1,10.0,552.0
672,Skiddo,14.0,Grass,6,Skiddo,66.0,65.0,48.0,62.0,57.0,52.0,0.9,31.0,350.0
673,Gogoat,37.0,Grass,6,Skiddo,123.0,100.0,62.0,97.0,81.0,68.0,1.7,91.0,531.0
674,Pancham,20.0,Fighting,6,Pancham,67.0,82.0,62.0,46.0,48.0,43.0,0.6,8.0,348.0
675,Pangoro,28.0,Fighting Dark,6,Pancham,95.0,124.0,78.0,69.0,71.0,58.0,2.1,136.0,495.0
676,Furfrou,12.0,Normal,6,Furfrou,75.0,80.0,60.0,65.0,90.0,102.0,1.2,28.0,472.0
677,Espurr,57.0,Psychic,6,Espurr,62.0,48.0,54.0,63.0,60.0,68.0,0.3,3.5,355.0
678,Meowstic,45.0,Psychic,6,Espurr,74.0,48.0,76.0,83.0,81.0,104.0,0.6,8.5,466.0
679,Honedge,28.0,Steel Ghost,6,Honedge,45.0,80.0,100.0,35.0,37.0,28.0,0.8,2.0,325.0
680,Doublade,10.0,Steel Ghost,6,Honedge,59.0,110.0,150.0,45.0,49.0,35.0,0.8,4.5,448.0
681,Aegislash,168.0,Steel Ghost,6,Honedge,60.0,150.0,50.0,150.0,50.0,60.0,1.7,53.0,520.0
682,Spritzee,3.0,Fairy,6,Spritzee,78.0,52.0,60.0,63.0,65.0,23.0,0.2,0.5,341.0
683,Aromatisse,9.0,Fairy,6,Spritzee,101.0,72.0,72.0,99.0,89.0,29.0,0.8,15.5,462.0
684,Swirlix,9.0,Fairy,6,Swirlix,62.0,48.0,66.0,59.0,57.0,49.0,0.4,3.5,341.0
685,Slurpuff,21.0,Fairy,6,Swirlix,82.0,80.0,86.0,85.0,75.0,72.0,0.8,5.0,480.0
686,Inkay,21.0,Dark Psychic,6,Inkay,53.0,54.0,53.0,37.0,46.0,45.0,0.4,3.5,288.0
687,Malamar,33.0,Dark Psychic,6,Inkay,86.0,92.0,88.0,68.0,75.0,73.0,1.5,47.0,482.0
688,Binacle,2.0,Rock Water,6,Binacle,42.0,52.0,67.0,39.0,56.0,50.0,0.5,31.0,306.0
689,Barbaracle,12.0,Rock Water,6,Binacle,72.0,105.0,115.0,54.0,86.0,68.0,1.3,96.0,500.0
690,Skrelp,5.0,Poison Water,6,Skrelp,50.0,60.0,60.0,60.0,60.0,30.0,0.5,7.3,320.0
691,Dragalge,24.0,Poison Dragon,6,Skrelp,65.0,75.0,90.0,97.0,123.0,44.0,1.8,81.5,494.0
692,Clauncher,2.0,Water,6,Clauncher,50.0,53.0,62.0,58.0,63.0,44.0,0.5,8.3,330.0
693,Clawitzer,13.0,Water,6,Clauncher,71.0,73.0,88.0,120.0,89.0,59.0,1.3,35.3,500.0
694,Helioptile,11.0,Electric Normal,6,Helioptile,44.0,38.0,33.0,61.0,43.0,70.0,0.5,6.0,289.0
695,Heliolisk,25.0,Electric Normal,6,Helioptile,62.0,55.0,52.0,109.0,94.0,109.0,1.0,21.0,481.0
696,Tyrunt,11.0,Rock Dragon,6,Tyrunt,58.0,89.0,77.0,45.0,45.0,48.0,0.8,26.0,362.0
697,Tyrantrum,73.0,Rock Dragon,6,Tyrunt,82.0,121.0,119.0,69.0,59.0,71.0,2.5,270.0,521.0
698,Amaura,8.0,Rock Ice,6,Amaura,77.0,59.0,50.0,67.0,63.0,46.0,1.3,25.2,362.0
699,Aurorus,19.0,Rock Ice,6,Amaura,123.0,77.0,72.0,99.0,92.0,58.0,2.7,225.0,521.0
700,Sylveon,282.0,Fairy,6,Eevee,95.0,65.0,65.0,110.0,130.0,60.0,1.0,23.5,525.0
701,Hawlucha,64.0,Fighting Flying,6,Hawlucha,78.0,92.0,75.0,74.0,63.0,118.0,0.8,21.5,500.0
702,Dedenne,28.0,Electric Fairy,6,Dedenne,67.0,58.0,57.0,81.0,67.0,101.0,0.2,2.2,431.0
703,Carbink,11.0,Rock Fairy,6,Carbink,50.0,50.0,150.0,50.0,150.0,50.0,0.3,5.7,500.0
704,Goomy,53.0,Dragon,6,Goomy,45.0,50.0,35.0,55.0,75.0,40.0,0.3,2.8,300.0
705,Sliggoo,7.0,Dragon,6,Goomy,68.0,75.0,53.0,83.0,113.0,60.0,0.8,17.5,452.0
706,Goodra,85.0,Dragon,6,Goomy,90.0,100.0,70.0,110.0,150.0,80.0,2.0,150.5,600.0
707,Klefki,44.0,Steel Fairy,6,Klefki,57.0,80.0,91.0,80.0,87.0,75.0,0.2,3.0,470.0
708,Phantump,28.0,Ghost Grass,6,Phantump,43.0,70.0,48.0,50.0,60.0,38.0,0.4,7.0,309.0
709,Trevenant,29.0,Ghost Grass,6,Phantump,85.0,110.0,76.0,65.0,82.0,56.0,1.5,71.0,474.0
710,Pumpkaboo,34.0,Ghost Grass,6,Pumpkaboo,59.0,66.0,70.0,44.0,55.0,41.0,0.8,15.0,335.0
711,Gourgeist,24.0,Ghost Grass,6,Pumpkaboo,85.0,100.0,122.0,58.0,75.0,54.0,1.7,39.0,494.0
712,Bergmite,7.0,Ice,6,Bergmite,55.0,69.0,85.0,32.0,35.0,28.0,1.0,99.5,304.0
713,Avalugg,10.0,Ice,6,Bergmite,95.0,117.0,184.0,44.0,46.0,28.0,2.0,505.0,514.0
714,Noibat,13.0,Flying Dragon,6,Noibat,40.0,30.0,35.0,45.0,40.0,55.0,0.5,8.0,245.0
715,Noivern,116.0,Flying Dragon,6,Noibat,85.0,70.0,80.0,97.0,80.0,123.0,1.5,85.0,535.0
716,Xerneas,21.0,Fairy,6,Xerneas,126.0,131.0,95.0,131.0,98.0,99.0,3.0,215.0,680.0
717,Yveltal,35.0,Dark Flying,6,Yveltal,126.0,131.0,95.0,131.0,98.0,99.0,5.8,203.0,680.0
718,Zygarde,11.0,Dragon Ground,6,Zygarde,216.0,100.0,121.0,91.0,95.0,85.0,5.0,284.6,708.0
719,Diancie,16.0,Rock Fairy,6,Diancie,50.0,160.0,110.0,160.0,110.0,110.0,0.7,8.8,700.0
720,Hoopa,8.0,Psychic Ghost Psychic Dark,6,Hoopa,80.0,160.0,60.0,170.0,130.0,80.0,,,680.0
721,Volcanion,5.0,Fire Water,6,Volcanion,80.0,110.0,120.0,130.0,90.0,70.0,1.7,195.0,600.0
722,Rowlet,89.0,Grass Flying,7,Rowlet,68.0,55.0,55.0,50.0,50.0,42.0,0.3,1.5,320.0
723,Dartrix,2.0,Grass Flying,7,Rowlet,78.0,75.0,75.0,70.0,70.0,52.0,0.7,16.0,420.0
724,Decidueye,107.0,Grass Ghost,7,Rowlet,78.0,107.0,75.0,100.0,100.0,70.0,1.6,36.6,530.0
725,Litten,31.0,Fire,7,Litten,45.0,65.0,40.0,60.0,40.0,70.0,0.4,4.3,320.0
726,Torracat,10.0,Fire,7,Litten,65.0,85.0,50.0,80.0,50.0,90.0,0.7,25.0,420.0
727,Incineroar,58.0,Fire Dark,7,Litten,95.0,115.0,90.0,80.0,90.0,60.0,1.8,83.0,530.0
728,Popplio,26.0,Water,7,Popplio,50.0,54.0,54.0,66.0,56.0,40.0,0.4,7.5,320.0
729,Brionne,6.0,Water,7,Popplio,60.0,69.0,69.0,91.0,81.0,50.0,0.6,17.5,420.0
730,Primarina,51.0,Water Fairy,7,Popplio,80.0,74.0,74.0,126.0,116.0,60.0,1.8,44.0,530.0
731,Pikipek,3.0,Normal Flying,7,Pikipek,35.0,75.0,30.0,30.0,30.0,65.0,0.3,1.2,265.0
732,Trumbeak,1.0,Normal Flying,7,Pikipek,55.0,85.0,50.0,40.0,50.0,75.0,0.6,14.8,355.0
733,Toucannon,10.0,Normal Flying,7,Pikipek,80.0,120.0,75.0,75.0,75.0,60.0,1.1,26.0,485.0
734,Yungoos,0.0,Normal,7,Yungoos,48.0,70.0,30.0,30.0,30.0,45.0,0.4,6.0,253.0
735,Gumshoos,4.0,Normal,7,Yungoos,88.0,110.0,60.0,55.0,60.0,45.0,0.7,14.2,418.0
736,Grubbin,5.0,Bug,7,Grubbin,47.0,62.0,45.0,55.0,45.0,46.0,0.4,4.4,300.0
737,Charjabug,9.0,Bug Electric,7,Grubbin,57.0,82.0,95.0,55.0,75.0,36.0,0.5,10.5,400.0
738,Vikavolt,12.0,Bug Electric,7,Grubbin,77.0,70.0,90.0,145.0,75.0,43.0,1.5,45.0,500.0
739,Crabrawler,5.0,Fighting,7,Crabrawler,47.0,82.0,57.0,42.0,47.0,63.0,0.6,7.0,338.0
740,Crabominable,2.0,Fighting Ice,7,Crabrawler,97.0,132.0,77.0,62.0,67.0,43.0,1.7,180.0,478.0
741,Oricorio,11.0,Fire Flying Ghost Flying,7,Oricorio,75.0,70.0,70.0,98.0,70.0,93.0,0.6,3.4,476.0
742,Cutiefly,23.0,Bug Fairy,7,Cutiefly,40.0,45.0,40.0,55.0,40.0,84.0,0.1,0.2,304.0
743,Ribombee,41.0,Bug Fairy,7,Cutiefly,60.0,55.0,60.0,95.0,70.0,124.0,0.2,0.5,464.0
744,Rockruff,20.0,Rock,7,Rockruff,45.0,65.0,40.0,30.0,40.0,60.0,0.5,9.2,280.0
745,Lycanroc,91.0,Rock,7,Rockruff,85.0,115.0,75.0,55.0,75.0,82.0,,,487.0
746,Wishiwashi,5.0,Water,7,Wishiwashi,45.0,140.0,130.0,140.0,135.0,30.0,0.2,0.3,620.0
747,Mareanie,13.0,Poison Water,7,Mareanie,50.0,53.0,62.0,43.0,52.0,45.0,0.4,8.0,305.0
748,Toxapex,35.0,Poison Water,7,Mareanie,50.0,63.0,152.0,53.0,142.0,35.0,0.7,14.5,495.0
749,Mudbray,5.0,Ground,7,Mudbray,70.0,100.0,70.0,45.0,55.0,45.0,1.0,110.0,385.0
750,Mudsdale,14.0,Ground,7,Mudbray,100.0,125.0,100.0,55.0,85.0,35.0,2.5,920.0,500.0
751,Dewpider,2.0,Water Bug,7,Dewpider,38.0,40.0,52.0,40.0,72.0,27.0,0.3,4.0,269.0
752,Araquanid,25.0,Water Bug,7,Dewpider,68.0,70.0,92.0,50.0,132.0,42.0,1.8,82.0,454.0
753,Fomantis,3.0,Grass,7,Fomantis,40.0,55.0,35.0,50.0,35.0,35.0,0.3,1.5,250.0
754,Lurantis,26.0,Grass,7,Fomantis,70.0,105.0,90.0,80.0,90.0,45.0,0.9,18.5,480.0
755,Morelull,5.0,Grass Fairy,7,Morelull,40.0,35.0,55.0,65.0,75.0,15.0,0.2,1.5,285.0
756,Shiinotic,10.0,Grass Fairy,7,Morelull,60.0,45.0,80.0,90.0,100.0,30.0,1.0,11.5,405.0
757,Salandit,8.0,Poison Fire,7,Salandit,48.0,44.0,40.0,71.0,40.0,77.0,0.6,4.8,320.0
758,Salazzle,33.0,Poison Fire,7,Salandit,68.0,64.0,60.0,111.0,60.0,117.0,1.2,22.2,480.0
759,Stufful,11.0,Normal Fighting,7,Stufful,70.0,75.0,50.0,45.0,50.0,50.0,0.5,6.8,340.0
760,Bewear,36.0,Normal Fighting,7,Stufful,120.0,125.0,80.0,55.0,60.0,60.0,2.1,135.0,500.0
761,Bounsweet,3.0,Grass,7,Bounsweet,42.0,30.0,38.0,30.0,38.0,32.0,0.3,3.2,210.0
762,Steenee,3.0,Grass,7,Bounsweet,52.0,40.0,48.0,40.0,48.0,62.0,0.7,8.2,290.0
763,Tsareena,25.0,Grass,7,Bounsweet,72.0,120.0,98.0,50.0,98.0,72.0,1.2,21.4,510.0
764,Comfey,5.0,Fairy,7,Comfey,51.0,52.0,90.0,82.0,110.0,100.0,0.1,0.3,485.0
765,Oranguru,6.0,Normal Psychic,7,Oranguru,90.0,60.0,80.0,90.0,110.0,60.0,1.5,76.0,490.0
766,Passimian,7.0,Fighting,7,Passimian,100.0,120.0,90.0,40.0,60.0,80.0,2.0,82.8,490.0
767,Wimpod,3.0,Bug Water,7,Wimpod,25.0,35.0,40.0,20.0,30.0,80.0,0.5,12.0,230.0
768,Golisopod,79.0,Bug Water,7,Wimpod,75.0,125.0,140.0,60.0,90.0,40.0,2.0,108.0,530.0
769,Sandygast,5.0,Ghost Ground,7,Sandygast,55.0,55.0,80.0,70.0,45.0,15.0,0.5,70.0,320.0
770,Palossand,9.0,Ghost Ground,7,Sandygast,85.0,75.0,110.0,100.0,75.0,35.0,1.3,250.0,480.0
771,Pyukumuku,49.0,Water,7,Pyukumuku,55.0,60.0,130.0,30.0,130.0,5.0,0.3,1.2,410.0
772,Type-Null,10.0,Normal,7,Type-Null,95.0,95.0,95.0,95.0,95.0,59.0,1.9,120.5,534.0
773,Silvally,32.0,Normal,7,Type-Null,95.0,95.0,95.0,95.0,95.0,95.0,2.3,100.5,570.0
774,Minior,32.0,Rock Flying,7,Minior,60.0,100.0,60.0,100.0,60.0,120.0,0.3,40.0,500.0
775,Komala,13.0,Normal,7,Komala,65.0,115.0,65.0,75.0,95.0,65.0,0.4,19.9,480.0
776,Turtonator,6.0,Fire Dragon,7,Turtonator,60.0,78.0,135.0,91.0,85.0,36.0,2.0,212.0,485.0
777,Togedemaru,9.0,Electric Steel,7,Togedemaru,65.0,98.0,63.0,40.0,73.0,96.0,0.3,3.3,435.0
778,Mimikyu,284.0,Ghost Fairy,7,Mimikyu,55.0,90.0,80.0,50.0,105.0,96.0,0.2,0.7,476.0
779,Bruxish,10.0,Water Psychic,7,Bruxish,68.0,105.0,70.0,70.0,70.0,92.0,0.9,19.0,475.0
780,Drampa,15.0,Normal Dragon,7,Drampa,78.0,60.0,85.0,135.0,91.0,36.0,3.0,185.0,485.0
781,Dhelmise,24.0,Ghost Grass,7,Dhelmise,70.0,131.0,100.0,86.0,90.0,40.0,3.9,210.0,517.0
782,Jangmo-O,3.0,Dragon,7,Jangmo-o,45.0,55.0,65.0,45.0,45.0,45.0,0.6,29.7,300.0
783,Hakamo-O,4.0,Dragon Fighting,7,Jangmo-o,55.0,75.0,90.0,65.0,70.0,65.0,1.2,47.0,420.0
784,Kommo-O,14.0,Dragon Fighting,7,Jangmo-o,75.0,110.0,125.0,100.0,105.0,85.0,1.6,78.2,600.0
785,Tapu-Koko,10.0,Electric Fairy,7,Tapu-Koko,70.0,115.0,85.0,95.0,75.0,130.0,1.8,20.5,570.0
786,Tapu-Lele,4.0,Psychic Fairy,7,Tapu-Lele,70.0,85.0,75.0,130.0,115.0,95.0,1.2,18.6,570.0
787,Tapu-Bulu,2.0,Grass Fairy,7,Tapu-Bulu,70.0,130.0,115.0,85.0,95.0,75.0,1.9,45.5,570.0
788,Tapu-Fini,2.0,Water Fairy,7,Tapu-Fini,70.0,75.0,115.0,95.0,130.0,85.0,1.3,21.2,570.0
789,Cosmog,10.0,Psychic,7,Cosmog,43.0,29.0,31.0,29.0,31.0,37.0,0.2,0.1,200.0
790,Cosmoem,1.0,Psychic,7,Cosmog,43.0,29.0,131.0,29.0,131.0,37.0,0.1,999.9,400.0
791,Solgaleo,12.0,Psychic Steel,7,Cosmog,137.0,137.0,107.0,113.0,89.0,97.0,3.4,230.0,680.0
792,Lunala,11.0,Psychic Ghost,7,Cosmog,137.0,113.0,89.0,137.0,107.0,97.0,4.0,120.0,680.0
793,Nihilego,11.0,Rock Poison,7,Nihilego,109.0,53.0,47.0,127.0,131.0,103.0,1.2,55.5,570.0
794,Buzzwole,19.0,Bug Fighting,7,Buzzwole,107.0,139.0,139.0,53.0,53.0,79.0,2.4,333.6,570.0
795,Pheromosa,10.0,Bug Fighting,7,Pheromosa,71.0,137.0,37.0,137.0,37.0,151.0,1.8,25.0,570.0
796,Xurkitree,21.0,Electric,7,Xurkitree,83.0,89.0,71.0,173.0,71.0,83.0,3.8,100.0,570.0
797,Celesteela,8.0,Steel Flying,7,Celesteela,97.0,101.0,103.0,107.0,101.0,61.0,9.2,999.9,570.0
798,Kartana,11.0,Grass Steel,7,Kartana,59.0,181.0,131.0,59.0,31.0,109.0,0.3,0.1,570.0
799,Guzzlord,15.0,Dark Dragon,7,Guzzlord,223.0,101.0,53.0,97.0,53.0,43.0,5.5,888.0,570.0
800,Necrozma,23.0,Psychic,7,Necrozma,97.0,107.0,101.0,127.0,89.0,79.0,2.4,230.0,600.0
801,Magearna,7.0,Steel Fairy,7,Magearna,80.0,95.0,115.0,130.0,115.0,65.0,1.0,80.5,600.0
802,Marshadow,29.0,Fighting Ghost,7,Marshadow,,,,,,,,,
803,Poipole,9.0,Poison,7,Poipole,,,,,,,,,
804,Naganadel,9.0,Poison Dragon,7,Poipole,,,,,,,,,
805,Stakataka,13.0,Rock Steel,7,Stakataka,,,,,,,,,
806,Blacephalon,8.0,Fire Ghost,7,Blacephalon,,,,,,,,,
807,Zeraora,17.0,Electric,7,Zeraora,,,,,,,,,
808,Meltan,3.0,Steel,7,Meltan,,,,,,,,,
809,Melmetal,13.0,Steel,7,Meltan,,,,,,,,,
